series_name,timestamp,value,labels_json
cpu__adservice,1780600484,0.00259825436408981,"{""pod"": ""adservice-584964d9f6-4ktgx""}"
cpu__adservice,1780600499,0.002766529137672675,"{""pod"": ""adservice-584964d9f6-4ktgx""}"
cpu__adservice,1780600514,0.0023234418231355847,"{""pod"": ""adservice-584964d9f6-4ktgx""}"
cpu__adservice,1780600529,0.0023663615330450113,"{""pod"": ""adservice-584964d9f6-4ktgx""}"
cpu__adservice,1780600544,0.002249020718297237,"{""pod"": ""adservice-584964d9f6-4ktgx""}"
cpu__adservice,1780600559,0.002443013779196754,"{""pod"": ""adservice-584964d9f6-4ktgx""}"
cpu__adservice,1780600574,0.0020706393077491053,"{""pod"": ""adservice-584964d9f6-4ktgx""}"
cpu__adservice,1780600589,0.002464189042875704,"{""pod"": ""adservice-584964d9f6-4ktgx""}"
cpu__adservice,1780600604,0.0021859577715593994,"{""pod"": ""adservice-584964d9f6-4ktgx""}"
cpu__adservice,1780600619,0.00227907824283029,"{""pod"": ""adservice-584964d9f6-4ktgx""}"
cpu__adservice,1780600634,0.002324052812858734,"{""pod"": ""adservice-584964d9f6-4ktgx""}"
cpu__adservice,1780600649,0.0024593590528680285,"{""pod"": ""adservice-584964d9f6-4ktgx""}"
cpu__adservice,1780600664,0.0024137896923532723,"{""pod"": ""adservice-584964d9f6-4ktgx""}"
cpu__adservice,1780600679,0.002338074592429211,"{""pod"": ""adservice-584964d9f6-4ktgx""}"
cpu__adservice,1780600694,0.0021043216411796156,"{""pod"": ""adservice-584964d9f6-4ktgx""}"
cpu__adservice,1780600709,0.0024895428329249282,"{""pod"": ""adservice-584964d9f6-4ktgx""}"
cpu__adservice,1780600724,0.002517459909256233,"{""pod"": ""adservice-584964d9f6-4ktgx""}"
cpu__adservice,1780600739,0.002397374781791316,"{""pod"": ""adservice-584964d9f6-4ktgx""}"
cpu__adservice,1780600754,0.0023437860203930376,"{""pod"": ""adservice-584964d9f6-4ktgx""}"
cpu__adservice,1780600769,0.002506634566933586,"{""pod"": ""adservice-584964d9f6-4ktgx""}"
cpu__adservice,1780600784,0.002475588160890481,"{""pod"": ""adservice-584964d9f6-4ktgx""}"
cpu__adservice,1780600799,0.0017478408928137369,"{""pod"": ""adservice-584964d9f6-4ktgx""}"
cpu__adservice,1780600814,0.002132278202760896,"{""pod"": ""adservice-584964d9f6-4ktgx""}"
cpu__adservice,1780600829,0.0017918156671277692,"{""pod"": ""adservice-584964d9f6-4ktgx""}"
cpu__adservice,1780600844,0.002137138009309142,"{""pod"": ""adservice-584964d9f6-4ktgx""}"
cpu__adservice,1780600859,0.0018693004452177758,"{""pod"": ""adservice-584964d9f6-4ktgx""}"
cpu__adservice,1780600874,0.002056377417668557,"{""pod"": ""adservice-584964d9f6-4ktgx""}"
cpu__adservice,1780600889,0.002106799470320747,"{""pod"": ""adservice-584964d9f6-4ktgx""}"
cpu__adservice,1780600904,0.002152780956740612,"{""pod"": ""adservice-584964d9f6-4ktgx""}"
cpu__adservice,1780600919,0.0021892310552079773,"{""pod"": ""adservice-584964d9f6-4ktgx""}"
cpu__adservice,1780600934,0.00183150047793528,"{""pod"": ""adservice-584964d9f6-4ktgx""}"
cpu__adservice,1780600949,0.002247535704628635,"{""pod"": ""adservice-584964d9f6-4ktgx""}"
cpu__adservice,1780600964,0.0020963400092965235,"{""pod"": ""adservice-584964d9f6-4ktgx""}"
cpu__adservice,1780600979,0.0017927650690792393,"{""pod"": ""adservice-584964d9f6-4ktgx""}"
cpu__adservice,1780600994,0.002102087011634768,"{""pod"": ""adservice-584964d9f6-4ktgx""}"
cpu__adservice,1780601009,0.002174656608595186,"{""pod"": ""adservice-584964d9f6-4ktgx""}"
cpu__adservice,1780601024,0.002117987288601593,"{""pod"": ""adservice-584964d9f6-4ktgx""}"
cpu__adservice,1780601039,0.0021839634324829476,"{""pod"": ""adservice-584964d9f6-4ktgx""}"
cpu__adservice,1780601054,0.0022211403869905376,"{""pod"": ""adservice-584964d9f6-4ktgx""}"
cpu__adservice,1780601069,0.0023693352633336845,"{""pod"": ""adservice-584964d9f6-4ktgx""}"
cpu__adservice,1780601084,0.0020361905769391187,"{""pod"": ""adservice-584964d9f6-4ktgx""}"
cpu__adservice,1780601099,0.0022229260545171487,"{""pod"": ""adservice-584964d9f6-4ktgx""}"
cpu__adservice,1780601114,0.0020783653929544216,"{""pod"": ""adservice-584964d9f6-4ktgx""}"
cpu__adservice,1780601129,0.0017925851509923544,"{""pod"": ""adservice-584964d9f6-4ktgx""}"
cpu__adservice,1780601144,0.002103486263799289,"{""pod"": ""adservice-584964d9f6-4ktgx""}"
cpu__adservice,1780601159,0.0023004270124940026,"{""pod"": ""adservice-584964d9f6-4ktgx""}"
cpu__adservice,1780601174,0.002606285006462706,"{""pod"": ""adservice-584964d9f6-4ktgx""}"
cpu__adservice,1780601189,0.0035947394057475944,"{""pod"": ""adservice-584964d9f6-4ktgx""}"
cpu__adservice,1780601204,0.0032029539837588935,"{""pod"": ""adservice-584964d9f6-4ktgx""}"
cpu__adservice,1780601219,0.0031414676162265973,"{""pod"": ""adservice-584964d9f6-4ktgx""}"
cpu__adservice,1780601234,0.0025033879045494793,"{""pod"": ""adservice-584964d9f6-4ktgx""}"
cpu__adservice,1780601249,0.00248560030719344,"{""pod"": ""adservice-584964d9f6-4ktgx""}"
cpu__adservice,1780601264,0.0023755702581985455,"{""pod"": ""adservice-584964d9f6-4ktgx""}"
cpu__adservice,1780601279,0.0023921194546195107,"{""pod"": ""adservice-584964d9f6-4ktgx""}"
cpu__adservice,1780601294,0.0025137330845712803,"{""pod"": ""adservice-584964d9f6-4ktgx""}"
cpu__adservice,1780601309,0.0027076247488451977,"{""pod"": ""adservice-584964d9f6-4ktgx""}"
cpu__adservice,1780601324,0.0026061307978256097,"{""pod"": ""adservice-584964d9f6-4ktgx""}"
cpu__adservice,1780601339,0.002615906692902169,"{""pod"": ""adservice-584964d9f6-4ktgx""}"
cpu__adservice,1780601354,0.0023059893314170262,"{""pod"": ""adservice-584964d9f6-4ktgx""}"
cpu__adservice,1780601369,0.002469255410578885,"{""pod"": ""adservice-584964d9f6-4ktgx""}"
cpu__adservice,1780601384,0.0028672163228641813,"{""pod"": ""adservice-584964d9f6-4ktgx""}"
cpu__adservice,1780601399,0.0026260214087269074,"{""pod"": ""adservice-584964d9f6-4ktgx""}"
cpu__adservice,1780601414,0.002694709831145446,"{""pod"": ""adservice-584964d9f6-4ktgx""}"
cpu__adservice,1780601429,0.0023421886031266396,"{""pod"": ""adservice-584964d9f6-4ktgx""}"
cpu__adservice,1780601444,0.002515079117122786,"{""pod"": ""adservice-584964d9f6-4ktgx""}"
cpu__adservice,1780601459,0.0020262489604433134,"{""pod"": ""adservice-584964d9f6-4ktgx""}"
cpu__adservice,1780601474,0.0024770446884425355,"{""pod"": ""adservice-584964d9f6-4ktgx""}"
cpu__adservice,1780601489,0.0024306738674535542,"{""pod"": ""adservice-584964d9f6-4ktgx""}"
cpu__cartservice,1780600484,0.00672569570871282,"{""pod"": ""cartservice-546966d459-t6ggv""}"
cpu__cartservice,1780600499,0.007178295431899225,"{""pod"": ""cartservice-546966d459-t6ggv""}"
cpu__cartservice,1780600514,0.00863762637110844,"{""pod"": ""cartservice-546966d459-t6ggv""}"
cpu__cartservice,1780600529,0.007652450587119834,"{""pod"": ""cartservice-546966d459-t6ggv""}"
cpu__cartservice,1780600544,0.00756453384042643,"{""pod"": ""cartservice-546966d459-t6ggv""}"
cpu__cartservice,1780600559,0.006186271228980142,"{""pod"": ""cartservice-546966d459-t6ggv""}"
cpu__cartservice,1780600574,0.0070518589655643405,"{""pod"": ""cartservice-546966d459-t6ggv""}"
cpu__cartservice,1780600589,0.006337374183758235,"{""pod"": ""cartservice-546966d459-t6ggv""}"
cpu__cartservice,1780600604,0.008413004139709258,"{""pod"": ""cartservice-546966d459-t6ggv""}"
cpu__cartservice,1780600619,0.00786447762697376,"{""pod"": ""cartservice-546966d459-t6ggv""}"
cpu__cartservice,1780600634,0.007230044520394041,"{""pod"": ""cartservice-546966d459-t6ggv""}"
cpu__cartservice,1780600649,0.007676299339863209,"{""pod"": ""cartservice-546966d459-t6ggv""}"
cpu__cartservice,1780600664,0.0077140460164702085,"{""pod"": ""cartservice-546966d459-t6ggv""}"
cpu__cartservice,1780600679,0.006534954042251948,"{""pod"": ""cartservice-546966d459-t6ggv""}"
cpu__cartservice,1780600694,0.007866448305326037,"{""pod"": ""cartservice-546966d459-t6ggv""}"
cpu__cartservice,1780600709,0.007740260109041413,"{""pod"": ""cartservice-546966d459-t6ggv""}"
cpu__cartservice,1780600724,0.007942431685600241,"{""pod"": ""cartservice-546966d459-t6ggv""}"
cpu__cartservice,1780600739,0.007914539943287544,"{""pod"": ""cartservice-546966d459-t6ggv""}"
cpu__cartservice,1780600754,0.009070360665844617,"{""pod"": ""cartservice-546966d459-t6ggv""}"
cpu__cartservice,1780600769,0.009481567516525015,"{""pod"": ""cartservice-546966d459-t6ggv""}"
cpu__cartservice,1780600784,0.00957554838207839,"{""pod"": ""cartservice-546966d459-t6ggv""}"
cpu__cartservice,1780600799,0.00955439769811022,"{""pod"": ""cartservice-546966d459-t6ggv""}"
cpu__cartservice,1780600814,0.00913407638579284,"{""pod"": ""cartservice-546966d459-t6ggv""}"
cpu__cartservice,1780600829,0.008850200499144723,"{""pod"": ""cartservice-546966d459-t6ggv""}"
cpu__cartservice,1780600844,0.00800795714349772,"{""pod"": ""cartservice-546966d459-t6ggv""}"
cpu__cartservice,1780600859,0.00531467499999998,"{""pod"": ""cartservice-546966d459-t6ggv""}"
cpu__cartservice,1780600874,0.007717574969826388,"{""pod"": ""cartservice-546966d459-t6ggv""}"
cpu__cartservice,1780600889,0.007339444384390741,"{""pod"": ""cartservice-546966d459-t6ggv""}"
cpu__cartservice,1780600904,0.007164997202014286,"{""pod"": ""cartservice-546966d459-t6ggv""}"
cpu__cartservice,1780600919,0.008254380599431456,"{""pod"": ""cartservice-546966d459-t6ggv""}"
cpu__cartservice,1780600934,0.008018631828455086,"{""pod"": ""cartservice-546966d459-t6ggv""}"
cpu__cartservice,1780600949,0.008609586069249093,"{""pod"": ""cartservice-546966d459-t6ggv""}"
cpu__cartservice,1780600964,0.007597830018083232,"{""pod"": ""cartservice-546966d459-t6ggv""}"
cpu__cartservice,1780600979,0.008020988523038775,"{""pod"": ""cartservice-546966d459-t6ggv""}"
cpu__cartservice,1780600994,0.004564790422805857,"{""pod"": ""cartservice-546966d459-t6ggv""}"
cpu__cartservice,1780601009,0.007081411091526699,"{""pod"": ""cartservice-546966d459-t6ggv""}"
cpu__cartservice,1780601024,0.007171152310448331,"{""pod"": ""cartservice-546966d459-t6ggv""}"
cpu__cartservice,1780601039,0.0060661259998720145,"{""pod"": ""cartservice-546966d459-t6ggv""}"
cpu__cartservice,1780601054,0.007258907167066093,"{""pod"": ""cartservice-546966d459-t6ggv""}"
cpu__cartservice,1780601069,0.008265303676717135,"{""pod"": ""cartservice-546966d459-t6ggv""}"
cpu__cartservice,1780601084,0.005707702296110706,"{""pod"": ""cartservice-546966d459-t6ggv""}"
cpu__cartservice,1780601099,0.007669204697345794,"{""pod"": ""cartservice-546966d459-t6ggv""}"
cpu__cartservice,1780601114,0.006895766267788714,"{""pod"": ""cartservice-546966d459-t6ggv""}"
cpu__cartservice,1780601129,0.007384207980653171,"{""pod"": ""cartservice-546966d459-t6ggv""}"
cpu__cartservice,1780601144,0.00848949044585992,"{""pod"": ""cartservice-546966d459-t6ggv""}"
cpu__cartservice,1780601159,0.00947807152175575,"{""pod"": ""cartservice-546966d459-t6ggv""}"
cpu__cartservice,1780601174,0.010716025853496828,"{""pod"": ""cartservice-546966d459-t6ggv""}"
cpu__cartservice,1780601189,0.010041241350962625,"{""pod"": ""cartservice-546966d459-t6ggv""}"
cpu__cartservice,1780601204,0.008588618325675085,"{""pod"": ""cartservice-546966d459-t6ggv""}"
cpu__cartservice,1780601219,0.003487100000000017,"{""pod"": ""cartservice-546966d459-t6ggv""}"
cpu__cartservice,1780601234,0.008304514734954574,"{""pod"": ""cartservice-546966d459-t6ggv""}"
cpu__cartservice,1780601249,0.008176935793753672,"{""pod"": ""cartservice-546966d459-t6ggv""}"
cpu__cartservice,1780601264,0.004998949262065072,"{""pod"": ""cartservice-546966d459-t6ggv""}"
cpu__cartservice,1780601279,0.007786793285291313,"{""pod"": ""cartservice-546966d459-t6ggv""}"
cpu__cartservice,1780601294,0.007305961248508964,"{""pod"": ""cartservice-546966d459-t6ggv""}"
cpu__cartservice,1780601309,0.0075369327447870485,"{""pod"": ""cartservice-546966d459-t6ggv""}"
cpu__cartservice,1780601324,0.006899444499065708,"{""pod"": ""cartservice-546966d459-t6ggv""}"
cpu__cartservice,1780601339,0.007807995278200418,"{""pod"": ""cartservice-546966d459-t6ggv""}"
cpu__cartservice,1780601354,0.008073990940709956,"{""pod"": ""cartservice-546966d459-t6ggv""}"
cpu__cartservice,1780601369,0.00829009228986467,"{""pod"": ""cartservice-546966d459-t6ggv""}"
cpu__cartservice,1780601384,0.007804290352504419,"{""pod"": ""cartservice-546966d459-t6ggv""}"
cpu__cartservice,1780601399,0.007627498642393779,"{""pod"": ""cartservice-546966d459-t6ggv""}"
cpu__cartservice,1780601414,0.007138269955627661,"{""pod"": ""cartservice-546966d459-t6ggv""}"
cpu__cartservice,1780601429,0.007566974235535476,"{""pod"": ""cartservice-546966d459-t6ggv""}"
cpu__cartservice,1780601444,0.007408766502901251,"{""pod"": ""cartservice-546966d459-t6ggv""}"
cpu__cartservice,1780601459,0.007561591068265213,"{""pod"": ""cartservice-546966d459-t6ggv""}"
cpu__cartservice,1780601474,0.007849739007671778,"{""pod"": ""cartservice-546966d459-t6ggv""}"
cpu__cartservice,1780601489,0.007987182744699218,"{""pod"": ""cartservice-546966d459-t6ggv""}"
cpu__checkoutservice,1780600484,0.00060539220981225,"{""pod"": ""checkoutservice-76fb956bfd-dkpwp""}"
cpu__checkoutservice,1780600499,0.0007929408564368751,"{""pod"": ""checkoutservice-76fb956bfd-dkpwp""}"
cpu__checkoutservice,1780600514,0.001074505449683888,"{""pod"": ""checkoutservice-76fb956bfd-dkpwp""}"
cpu__checkoutservice,1780600529,0.0010286125291651563,"{""pod"": ""checkoutservice-76fb956bfd-dkpwp""}"
cpu__checkoutservice,1780600544,0.0008054287867887998,"{""pod"": ""checkoutservice-76fb956bfd-dkpwp""}"
cpu__checkoutservice,1780600559,0.0008156777639988495,"{""pod"": ""checkoutservice-76fb956bfd-dkpwp""}"
cpu__checkoutservice,1780600574,0.0009257571755590787,"{""pod"": ""checkoutservice-76fb956bfd-dkpwp""}"
cpu__checkoutservice,1780600589,0.001341663702122597,"{""pod"": ""checkoutservice-76fb956bfd-dkpwp""}"
cpu__checkoutservice,1780600604,0.0012581019584722907,"{""pod"": ""checkoutservice-76fb956bfd-dkpwp""}"
cpu__checkoutservice,1780600619,0.0011217296979279632,"{""pod"": ""checkoutservice-76fb956bfd-dkpwp""}"
cpu__checkoutservice,1780600634,0.0007900863917652302,"{""pod"": ""checkoutservice-76fb956bfd-dkpwp""}"
cpu__checkoutservice,1780600649,0.0009296507018607352,"{""pod"": ""checkoutservice-76fb956bfd-dkpwp""}"
cpu__checkoutservice,1780600664,0.0011146201785413412,"{""pod"": ""checkoutservice-76fb956bfd-dkpwp""}"
cpu__checkoutservice,1780600679,0.0011139276910435473,"{""pod"": ""checkoutservice-76fb956bfd-dkpwp""}"
cpu__checkoutservice,1780600694,0.0008772652870337977,"{""pod"": ""checkoutservice-76fb956bfd-dkpwp""}"
cpu__checkoutservice,1780600709,0.0007398422921808388,"{""pod"": ""checkoutservice-76fb956bfd-dkpwp""}"
cpu__checkoutservice,1780600724,0.0008331125454494137,"{""pod"": ""checkoutservice-76fb956bfd-dkpwp""}"
cpu__checkoutservice,1780600739,0.0008578727902742594,"{""pod"": ""checkoutservice-76fb956bfd-dkpwp""}"
cpu__checkoutservice,1780600754,0.0011212340118131805,"{""pod"": ""checkoutservice-76fb956bfd-dkpwp""}"
cpu__checkoutservice,1780600769,0.0011146313599085969,"{""pod"": ""checkoutservice-76fb956bfd-dkpwp""}"
cpu__checkoutservice,1780600784,0.0012300276570525286,"{""pod"": ""checkoutservice-76fb956bfd-dkpwp""}"
cpu__checkoutservice,1780600799,0.001149543816606617,"{""pod"": ""checkoutservice-76fb956bfd-dkpwp""}"
cpu__checkoutservice,1780600814,0.001281718678196929,"{""pod"": ""checkoutservice-76fb956bfd-dkpwp""}"
cpu__checkoutservice,1780600829,0.0010717068244120605,"{""pod"": ""checkoutservice-76fb956bfd-dkpwp""}"
cpu__checkoutservice,1780600844,0.0008460564272145288,"{""pod"": ""checkoutservice-76fb956bfd-dkpwp""}"
cpu__checkoutservice,1780600859,0.0006432912125012093,"{""pod"": ""checkoutservice-76fb956bfd-dkpwp""}"
cpu__checkoutservice,1780600874,0.0009862159579550876,"{""pod"": ""checkoutservice-76fb956bfd-dkpwp""}"
cpu__checkoutservice,1780600889,0.0014801060396496008,"{""pod"": ""checkoutservice-76fb956bfd-dkpwp""}"
cpu__checkoutservice,1780600904,0.0013278790478233194,"{""pod"": ""checkoutservice-76fb956bfd-dkpwp""}"
cpu__checkoutservice,1780600919,0.0013356167381598759,"{""pod"": ""checkoutservice-76fb956bfd-dkpwp""}"
cpu__checkoutservice,1780600934,0.0008179507455942141,"{""pod"": ""checkoutservice-76fb956bfd-dkpwp""}"
cpu__checkoutservice,1780600949,0.0008023177519217208,"{""pod"": ""checkoutservice-76fb956bfd-dkpwp""}"
cpu__checkoutservice,1780600964,0.0009272867303946066,"{""pod"": ""checkoutservice-76fb956bfd-dkpwp""}"
cpu__checkoutservice,1780600979,0.001026722347239064,"{""pod"": ""checkoutservice-76fb956bfd-dkpwp""}"
cpu__checkoutservice,1780600994,0.0008623328719156367,"{""pod"": ""checkoutservice-76fb956bfd-dkpwp""}"
cpu__checkoutservice,1780601009,0.0016321843995894464,"{""pod"": ""checkoutservice-76fb956bfd-dkpwp""}"
cpu__checkoutservice,1780601024,0.0014440590827484792,"{""pod"": ""checkoutservice-76fb956bfd-dkpwp""}"
cpu__checkoutservice,1780601039,0.0016122189316660994,"{""pod"": ""checkoutservice-76fb956bfd-dkpwp""}"
cpu__checkoutservice,1780601054,0.0007829234912365863,"{""pod"": ""checkoutservice-76fb956bfd-dkpwp""}"
cpu__checkoutservice,1780601069,0.0006746467734006151,"{""pod"": ""checkoutservice-76fb956bfd-dkpwp""}"
cpu__checkoutservice,1780601084,0.0004799900739938938,"{""pod"": ""checkoutservice-76fb956bfd-dkpwp""}"
cpu__checkoutservice,1780601099,0.00048066820529727567,"{""pod"": ""checkoutservice-76fb956bfd-dkpwp""}"
cpu__checkoutservice,1780601114,0.0003325942921962253,"{""pod"": ""checkoutservice-76fb956bfd-dkpwp""}"
cpu__checkoutservice,1780601129,0.00031181825989864037,"{""pod"": ""checkoutservice-76fb956bfd-dkpwp""}"
cpu__checkoutservice,1780601144,0.00047763408946367383,"{""pod"": ""checkoutservice-76fb956bfd-dkpwp""}"
cpu__checkoutservice,1780601159,0.0006638650015124742,"{""pod"": ""checkoutservice-76fb956bfd-dkpwp""}"
cpu__checkoutservice,1780601174,0.0009603713553044055,"{""pod"": ""checkoutservice-76fb956bfd-dkpwp""}"
cpu__checkoutservice,1780601189,0.0007437963556450766,"{""pod"": ""checkoutservice-76fb956bfd-dkpwp""}"
cpu__checkoutservice,1780601204,0.0007572782532192149,"{""pod"": ""checkoutservice-76fb956bfd-dkpwp""}"
cpu__checkoutservice,1780601219,0.000501602765274,"{""pod"": ""checkoutservice-76fb956bfd-dkpwp""}"
cpu__checkoutservice,1780601234,0.0019762362133344943,"{""pod"": ""checkoutservice-76fb956bfd-dkpwp""}"
cpu__checkoutservice,1780601249,0.002221174051057385,"{""pod"": ""checkoutservice-76fb956bfd-dkpwp""}"
cpu__checkoutservice,1780601264,0.0007782283925955321,"{""pod"": ""checkoutservice-76fb956bfd-dkpwp""}"
cpu__checkoutservice,1780601279,0.0009431507800564469,"{""pod"": ""checkoutservice-76fb956bfd-dkpwp""}"
cpu__checkoutservice,1780601294,0.0009098973817972235,"{""pod"": ""checkoutservice-76fb956bfd-dkpwp""}"
cpu__checkoutservice,1780601309,0.0009972999857894155,"{""pod"": ""checkoutservice-76fb956bfd-dkpwp""}"
cpu__checkoutservice,1780601324,0.0010536948176583841,"{""pod"": ""checkoutservice-76fb956bfd-dkpwp""}"
cpu__checkoutservice,1780601339,0.0010624943062767585,"{""pod"": ""checkoutservice-76fb956bfd-dkpwp""}"
cpu__checkoutservice,1780601354,0.0009853465080325318,"{""pod"": ""checkoutservice-76fb956bfd-dkpwp""}"
cpu__checkoutservice,1780601369,0.0009834781895703252,"{""pod"": ""checkoutservice-76fb956bfd-dkpwp""}"
cpu__checkoutservice,1780601384,0.0006506102522376029,"{""pod"": ""checkoutservice-76fb956bfd-dkpwp""}"
cpu__checkoutservice,1780601399,0.0007169965684157739,"{""pod"": ""checkoutservice-76fb956bfd-dkpwp""}"
cpu__checkoutservice,1780601414,0.0007349444353652724,"{""pod"": ""checkoutservice-76fb956bfd-dkpwp""}"
cpu__checkoutservice,1780601429,0.0009925717309945822,"{""pod"": ""checkoutservice-76fb956bfd-dkpwp""}"
cpu__checkoutservice,1780601444,0.0007202078743281983,"{""pod"": ""checkoutservice-76fb956bfd-dkpwp""}"
cpu__checkoutservice,1780601459,0.0010308011440425058,"{""pod"": ""checkoutservice-76fb956bfd-dkpwp""}"
cpu__checkoutservice,1780601474,0.0006692702884906144,"{""pod"": ""checkoutservice-76fb956bfd-dkpwp""}"
cpu__checkoutservice,1780601489,0.0005940801798426163,"{""pod"": ""checkoutservice-76fb956bfd-dkpwp""}"
cpu__currencyservice,1780600484,0.00641551919413457,"{""pod"": ""currencyservice-5f4487b75d-tdg4h""}"
cpu__currencyservice,1780600499,0.00840707325084832,"{""pod"": ""currencyservice-5f4487b75d-tdg4h""}"
cpu__currencyservice,1780600514,0.00938015437215091,"{""pod"": ""currencyservice-5f4487b75d-tdg4h""}"
cpu__currencyservice,1780600529,0.007556803736423937,"{""pod"": ""currencyservice-5f4487b75d-tdg4h""}"
cpu__currencyservice,1780600544,0.00921411608245481,"{""pod"": ""currencyservice-5f4487b75d-tdg4h""}"
cpu__currencyservice,1780600559,0.008957366759306523,"{""pod"": ""currencyservice-5f4487b75d-tdg4h""}"
cpu__currencyservice,1780600574,0.00917647058823532,"{""pod"": ""currencyservice-5f4487b75d-tdg4h""}"
cpu__currencyservice,1780600589,0.0053565000000002526,"{""pod"": ""currencyservice-5f4487b75d-tdg4h""}"
cpu__currencyservice,1780600604,0.008979603047600919,"{""pod"": ""currencyservice-5f4487b75d-tdg4h""}"
cpu__currencyservice,1780600619,0.008154820869670844,"{""pod"": ""currencyservice-5f4487b75d-tdg4h""}"
cpu__currencyservice,1780600634,0.006833258553000523,"{""pod"": ""currencyservice-5f4487b75d-tdg4h""}"
cpu__currencyservice,1780600649,0.007570669273842335,"{""pod"": ""currencyservice-5f4487b75d-tdg4h""}"
cpu__currencyservice,1780600664,0.006473630902467203,"{""pod"": ""currencyservice-5f4487b75d-tdg4h""}"
cpu__currencyservice,1780600679,0.007972291438253929,"{""pod"": ""currencyservice-5f4487b75d-tdg4h""}"
cpu__currencyservice,1780600694,0.008230453854122998,"{""pod"": ""currencyservice-5f4487b75d-tdg4h""}"
cpu__currencyservice,1780600709,0.007553021176344608,"{""pod"": ""currencyservice-5f4487b75d-tdg4h""}"
cpu__currencyservice,1780600724,0.00610589378987855,"{""pod"": ""currencyservice-5f4487b75d-tdg4h""}"
cpu__currencyservice,1780600739,0.007171504624232721,"{""pod"": ""currencyservice-5f4487b75d-tdg4h""}"
cpu__currencyservice,1780600754,0.008701979069526298,"{""pod"": ""currencyservice-5f4487b75d-tdg4h""}"
cpu__currencyservice,1780600769,0.007819944743317885,"{""pod"": ""currencyservice-5f4487b75d-tdg4h""}"
cpu__currencyservice,1780600784,0.010950159885323585,"{""pod"": ""currencyservice-5f4487b75d-tdg4h""}"
cpu__currencyservice,1780600799,0.00864572085817564,"{""pod"": ""currencyservice-5f4487b75d-tdg4h""}"
cpu__currencyservice,1780600814,0.008382972853674668,"{""pod"": ""currencyservice-5f4487b75d-tdg4h""}"
cpu__currencyservice,1780600829,0.007928996862258772,"{""pod"": ""currencyservice-5f4487b75d-tdg4h""}"
cpu__currencyservice,1780600844,0.009095305832147965,"{""pod"": ""currencyservice-5f4487b75d-tdg4h""}"
cpu__currencyservice,1780600859,0.008056264044943593,"{""pod"": ""currencyservice-5f4487b75d-tdg4h""}"
cpu__currencyservice,1780600874,0.008507155752073541,"{""pod"": ""currencyservice-5f4487b75d-tdg4h""}"
cpu__currencyservice,1780600889,0.009057746351192126,"{""pod"": ""currencyservice-5f4487b75d-tdg4h""}"
cpu__currencyservice,1780600904,0.010109075334316688,"{""pod"": ""currencyservice-5f4487b75d-tdg4h""}"
cpu__currencyservice,1780600919,0.010109075334316688,"{""pod"": ""currencyservice-5f4487b75d-tdg4h""}"
cpu__currencyservice,1780600934,0.010096613545817016,"{""pod"": ""currencyservice-5f4487b75d-tdg4h""}"
cpu__currencyservice,1780600949,0.009432483504228534,"{""pod"": ""currencyservice-5f4487b75d-tdg4h""}"
cpu__currencyservice,1780600964,0.006769035034144868,"{""pod"": ""currencyservice-5f4487b75d-tdg4h""}"
cpu__currencyservice,1780600979,0.00881139517594575,"{""pod"": ""currencyservice-5f4487b75d-tdg4h""}"
cpu__currencyservice,1780600994,0.008287530522874604,"{""pod"": ""currencyservice-5f4487b75d-tdg4h""}"
cpu__currencyservice,1780601009,0.009301841864251663,"{""pod"": ""currencyservice-5f4487b75d-tdg4h""}"
cpu__currencyservice,1780601024,0.008317499176121481,"{""pod"": ""currencyservice-5f4487b75d-tdg4h""}"
cpu__currencyservice,1780601039,0.009148421936877474,"{""pod"": ""currencyservice-5f4487b75d-tdg4h""}"
cpu__currencyservice,1780601054,0.007721971994291923,"{""pod"": ""currencyservice-5f4487b75d-tdg4h""}"
cpu__currencyservice,1780601069,0.0082892483569381,"{""pod"": ""currencyservice-5f4487b75d-tdg4h""}"
cpu__currencyservice,1780601084,0.007435089692007565,"{""pod"": ""currencyservice-5f4487b75d-tdg4h""}"
cpu__currencyservice,1780601099,0.007537432004069807,"{""pod"": ""currencyservice-5f4487b75d-tdg4h""}"
cpu__currencyservice,1780601114,0.007025342831700637,"{""pod"": ""currencyservice-5f4487b75d-tdg4h""}"
cpu__currencyservice,1780601129,0.007178701703438558,"{""pod"": ""currencyservice-5f4487b75d-tdg4h""}"
cpu__currencyservice,1780601144,0.005936313489718586,"{""pod"": ""currencyservice-5f4487b75d-tdg4h""}"
cpu__currencyservice,1780601159,0.008890622619084087,"{""pod"": ""currencyservice-5f4487b75d-tdg4h""}"
cpu__currencyservice,1780601174,0.009798669385127197,"{""pod"": ""currencyservice-5f4487b75d-tdg4h""}"
cpu__currencyservice,1780601189,0.009555116893816964,"{""pod"": ""currencyservice-5f4487b75d-tdg4h""}"
cpu__currencyservice,1780601204,0.008785402536729258,"{""pod"": ""currencyservice-5f4487b75d-tdg4h""}"
cpu__currencyservice,1780601219,0.007936121606185698,"{""pod"": ""currencyservice-5f4487b75d-tdg4h""}"
cpu__currencyservice,1780601234,0.008612721862941179,"{""pod"": ""currencyservice-5f4487b75d-tdg4h""}"
cpu__currencyservice,1780601249,0.010172035799356983,"{""pod"": ""currencyservice-5f4487b75d-tdg4h""}"
cpu__currencyservice,1780601264,0.010575174672489297,"{""pod"": ""currencyservice-5f4487b75d-tdg4h""}"
cpu__currencyservice,1780601279,0.00868054273385,"{""pod"": ""currencyservice-5f4487b75d-tdg4h""}"
cpu__currencyservice,1780601294,0.008837506766374811,"{""pod"": ""currencyservice-5f4487b75d-tdg4h""}"
cpu__currencyservice,1780601309,0.008668900035166342,"{""pod"": ""currencyservice-5f4487b75d-tdg4h""}"
cpu__currencyservice,1780601324,0.008631952818398932,"{""pod"": ""currencyservice-5f4487b75d-tdg4h""}"
cpu__currencyservice,1780601339,0.008341414522557388,"{""pod"": ""currencyservice-5f4487b75d-tdg4h""}"
cpu__currencyservice,1780601354,0.007051537260203539,"{""pod"": ""currencyservice-5f4487b75d-tdg4h""}"
cpu__currencyservice,1780601369,0.007600097589538468,"{""pod"": ""currencyservice-5f4487b75d-tdg4h""}"
cpu__currencyservice,1780601384,0.00728949194356625,"{""pod"": ""currencyservice-5f4487b75d-tdg4h""}"
cpu__currencyservice,1780601399,0.008153307917615983,"{""pod"": ""currencyservice-5f4487b75d-tdg4h""}"
cpu__currencyservice,1780601414,0.00815516910332728,"{""pod"": ""currencyservice-5f4487b75d-tdg4h""}"
cpu__currencyservice,1780601429,0.006323766442136441,"{""pod"": ""currencyservice-5f4487b75d-tdg4h""}"
cpu__currencyservice,1780601444,0.008234785952319698,"{""pod"": ""currencyservice-5f4487b75d-tdg4h""}"
cpu__currencyservice,1780601459,0.008022733923064782,"{""pod"": ""currencyservice-5f4487b75d-tdg4h""}"
cpu__currencyservice,1780601474,0.007884954234635881,"{""pod"": ""currencyservice-5f4487b75d-tdg4h""}"
cpu__currencyservice,1780601489,0.009536357492148106,"{""pod"": ""currencyservice-5f4487b75d-tdg4h""}"
cpu__emailservice,1780600484,0.001951708766716238,"{""pod"": ""emailservice-d48fd9b84-trjcc""}"
cpu__emailservice,1780600499,0.0019942514423276847,"{""pod"": ""emailservice-d48fd9b84-trjcc""}"
cpu__emailservice,1780600514,0.0020590440487347965,"{""pod"": ""emailservice-d48fd9b84-trjcc""}"
cpu__emailservice,1780600529,0.0017226327068862886,"{""pod"": ""emailservice-d48fd9b84-trjcc""}"
cpu__emailservice,1780600544,0.0020902846794319863,"{""pod"": ""emailservice-d48fd9b84-trjcc""}"
cpu__emailservice,1780600559,0.0020198745366410303,"{""pod"": ""emailservice-d48fd9b84-trjcc""}"
cpu__emailservice,1780600574,0.002078131888079223,"{""pod"": ""emailservice-d48fd9b84-trjcc""}"
cpu__emailservice,1780600589,0.0020673459379937803,"{""pod"": ""emailservice-d48fd9b84-trjcc""}"
cpu__emailservice,1780600604,0.0022221240241566812,"{""pod"": ""emailservice-d48fd9b84-trjcc""}"
cpu__emailservice,1780600619,0.0022567684805696255,"{""pod"": ""emailservice-d48fd9b84-trjcc""}"
cpu__emailservice,1780600634,0.0023649039548022588,"{""pod"": ""emailservice-d48fd9b84-trjcc""}"
cpu__emailservice,1780600649,0.002363053709528684,"{""pod"": ""emailservice-d48fd9b84-trjcc""}"
cpu__emailservice,1780600664,0.0015598494868215925,"{""pod"": ""emailservice-d48fd9b84-trjcc""}"
cpu__emailservice,1780600679,0.001843246038176882,"{""pod"": ""emailservice-d48fd9b84-trjcc""}"
cpu__emailservice,1780600694,0.0021532763405245577,"{""pod"": ""emailservice-d48fd9b84-trjcc""}"
cpu__emailservice,1780600709,0.0022702437512910284,"{""pod"": ""emailservice-d48fd9b84-trjcc""}"
cpu__emailservice,1780600724,0.0015451914907821903,"{""pod"": ""emailservice-d48fd9b84-trjcc""}"
cpu__emailservice,1780600739,0.0021572738888382004,"{""pod"": ""emailservice-d48fd9b84-trjcc""}"
cpu__emailservice,1780600754,0.0022050543433847995,"{""pod"": ""emailservice-d48fd9b84-trjcc""}"
cpu__emailservice,1780600769,0.002133827171035775,"{""pod"": ""emailservice-d48fd9b84-trjcc""}"
cpu__emailservice,1780600784,0.0021894338632437176,"{""pod"": ""emailservice-d48fd9b84-trjcc""}"
cpu__emailservice,1780600799,0.0021074428324559017,"{""pod"": ""emailservice-d48fd9b84-trjcc""}"
cpu__emailservice,1780600814,0.0021577741058578445,"{""pod"": ""emailservice-d48fd9b84-trjcc""}"
cpu__emailservice,1780600829,0.0021684993193004307,"{""pod"": ""emailservice-d48fd9b84-trjcc""}"
cpu__emailservice,1780600844,0.0019766318444661315,"{""pod"": ""emailservice-d48fd9b84-trjcc""}"
cpu__emailservice,1780600859,0.001806580843735559,"{""pod"": ""emailservice-d48fd9b84-trjcc""}"
cpu__emailservice,1780600874,0.0018896148431577912,"{""pod"": ""emailservice-d48fd9b84-trjcc""}"
cpu__emailservice,1780600889,0.001935305450251685,"{""pod"": ""emailservice-d48fd9b84-trjcc""}"
cpu__emailservice,1780600904,0.0020166108876538847,"{""pod"": ""emailservice-d48fd9b84-trjcc""}"
cpu__emailservice,1780600919,0.0019839705079192386,"{""pod"": ""emailservice-d48fd9b84-trjcc""}"
cpu__emailservice,1780600934,0.0017248254195908277,"{""pod"": ""emailservice-d48fd9b84-trjcc""}"
cpu__emailservice,1780600949,0.002003456143125003,"{""pod"": ""emailservice-d48fd9b84-trjcc""}"
cpu__emailservice,1780600964,0.0019511005244954923,"{""pod"": ""emailservice-d48fd9b84-trjcc""}"
cpu__emailservice,1780600979,0.001971320137263357,"{""pod"": ""emailservice-d48fd9b84-trjcc""}"
cpu__emailservice,1780600994,0.0019369926357253014,"{""pod"": ""emailservice-d48fd9b84-trjcc""}"
cpu__emailservice,1780601009,0.001658369369369417,"{""pod"": ""emailservice-d48fd9b84-trjcc""}"
cpu__emailservice,1780601024,0.001939607870548354,"{""pod"": ""emailservice-d48fd9b84-trjcc""}"
cpu__emailservice,1780601039,0.0016324479469282532,"{""pod"": ""emailservice-d48fd9b84-trjcc""}"
cpu__emailservice,1780601054,0.0019027604252610719,"{""pod"": ""emailservice-d48fd9b84-trjcc""}"
cpu__emailservice,1780601069,0.001581072348142559,"{""pod"": ""emailservice-d48fd9b84-trjcc""}"
cpu__emailservice,1780601084,0.0018681365905258976,"{""pod"": ""emailservice-d48fd9b84-trjcc""}"
cpu__emailservice,1780601099,0.0018584901403366147,"{""pod"": ""emailservice-d48fd9b84-trjcc""}"
cpu__emailservice,1780601114,0.0017995166163142515,"{""pod"": ""emailservice-d48fd9b84-trjcc""}"
cpu__emailservice,1780601129,0.001791597512447764,"{""pod"": ""emailservice-d48fd9b84-trjcc""}"
cpu__emailservice,1780601144,0.0018425173197154177,"{""pod"": ""emailservice-d48fd9b84-trjcc""}"
cpu__emailservice,1780601159,0.001960449099356106,"{""pod"": ""emailservice-d48fd9b84-trjcc""}"
cpu__emailservice,1780601174,0.0022095816286129217,"{""pod"": ""emailservice-d48fd9b84-trjcc""}"
cpu__emailservice,1780601189,0.0022846534653464864,"{""pod"": ""emailservice-d48fd9b84-trjcc""}"
cpu__emailservice,1780601204,0.002434014457579774,"{""pod"": ""emailservice-d48fd9b84-trjcc""}"
cpu__emailservice,1780601219,0.0022960379214739413,"{""pod"": ""emailservice-d48fd9b84-trjcc""}"
cpu__emailservice,1780601234,0.002453797481571226,"{""pod"": ""emailservice-d48fd9b84-trjcc""}"
cpu__emailservice,1780601249,0.0023674565630664845,"{""pod"": ""emailservice-d48fd9b84-trjcc""}"
cpu__emailservice,1780601264,0.002399982203238978,"{""pod"": ""emailservice-d48fd9b84-trjcc""}"
cpu__emailservice,1780601279,0.002199625016163056,"{""pod"": ""emailservice-d48fd9b84-trjcc""}"
cpu__emailservice,1780601294,0.002215548961424288,"{""pod"": ""emailservice-d48fd9b84-trjcc""}"
cpu__emailservice,1780601309,0.002175484671951141,"{""pod"": ""emailservice-d48fd9b84-trjcc""}"
cpu__emailservice,1780601324,0.002302976575373942,"{""pod"": ""emailservice-d48fd9b84-trjcc""}"
cpu__emailservice,1780601339,0.00231991330423686,"{""pod"": ""emailservice-d48fd9b84-trjcc""}"
cpu__emailservice,1780601354,0.002259299071106968,"{""pod"": ""emailservice-d48fd9b84-trjcc""}"
cpu__emailservice,1780601369,0.0022312458769201556,"{""pod"": ""emailservice-d48fd9b84-trjcc""}"
cpu__emailservice,1780601384,0.001718396408400999,"{""pod"": ""emailservice-d48fd9b84-trjcc""}"
cpu__emailservice,1780601399,0.0022900815349588747,"{""pod"": ""emailservice-d48fd9b84-trjcc""}"
cpu__emailservice,1780601414,0.0021338631790744325,"{""pod"": ""emailservice-d48fd9b84-trjcc""}"
cpu__emailservice,1780601429,0.002052763169238737,"{""pod"": ""emailservice-d48fd9b84-trjcc""}"
cpu__emailservice,1780601444,0.0015823050930075997,"{""pod"": ""emailservice-d48fd9b84-trjcc""}"
cpu__emailservice,1780601459,0.0019524205030850205,"{""pod"": ""emailservice-d48fd9b84-trjcc""}"
cpu__emailservice,1780601474,0.0018673655944695324,"{""pod"": ""emailservice-d48fd9b84-trjcc""}"
cpu__emailservice,1780601489,0.0016145587027443628,"{""pod"": ""emailservice-d48fd9b84-trjcc""}"
cpu__frontend,1780600484,0.01579655886570012,"{""pod"": ""frontend-7b76648f6b-227tg""}"
cpu__frontend,1780600499,0.016397025933856713,"{""pod"": ""frontend-7b76648f6b-227tg""}"
cpu__frontend,1780600514,0.017682745052655855,"{""pod"": ""frontend-7b76648f6b-227tg""}"
cpu__frontend,1780600529,0.01756387237906572,"{""pod"": ""frontend-7b76648f6b-227tg""}"
cpu__frontend,1780600544,0.016937620674290547,"{""pod"": ""frontend-7b76648f6b-227tg""}"
cpu__frontend,1780600559,0.01660813515050689,"{""pod"": ""frontend-7b76648f6b-227tg""}"
cpu__frontend,1780600574,0.017556002009040825,"{""pod"": ""frontend-7b76648f6b-227tg""}"
cpu__frontend,1780600589,0.01795742285237728,"{""pod"": ""frontend-7b76648f6b-227tg""}"
cpu__frontend,1780600604,0.0179516595631915,"{""pod"": ""frontend-7b76648f6b-227tg""}"
cpu__frontend,1780600619,0.01605872938996373,"{""pod"": ""frontend-7b76648f6b-227tg""}"
cpu__frontend,1780600634,0.015011101938569004,"{""pod"": ""frontend-7b76648f6b-227tg""}"
cpu__frontend,1780600649,0.016664189939362913,"{""pod"": ""frontend-7b76648f6b-227tg""}"
cpu__frontend,1780600664,0.019217957059206703,"{""pod"": ""frontend-7b76648f6b-227tg""}"
cpu__frontend,1780600679,0.016215601601950267,"{""pod"": ""frontend-7b76648f6b-227tg""}"
cpu__frontend,1780600694,0.014872960127367293,"{""pod"": ""frontend-7b76648f6b-227tg""}"
cpu__frontend,1780600709,0.0056535999999994145,"{""pod"": ""frontend-7b76648f6b-227tg""}"
cpu__frontend,1780600724,0.014675142644504606,"{""pod"": ""frontend-7b76648f6b-227tg""}"
cpu__frontend,1780600739,0.015716139166860436,"{""pod"": ""frontend-7b76648f6b-227tg""}"
cpu__frontend,1780600754,0.018244127068873458,"{""pod"": ""frontend-7b76648f6b-227tg""}"
cpu__frontend,1780600769,0.018244127068873458,"{""pod"": ""frontend-7b76648f6b-227tg""}"
cpu__frontend,1780600784,0.015231415059815763,"{""pod"": ""frontend-7b76648f6b-227tg""}"
cpu__frontend,1780600799,0.018066085629604083,"{""pod"": ""frontend-7b76648f6b-227tg""}"
cpu__frontend,1780600814,0.017779858198521886,"{""pod"": ""frontend-7b76648f6b-227tg""}"
cpu__frontend,1780600829,0.05865150699677081,"{""pod"": ""frontend-7b76648f6b-227tg""}"
cpu__frontend,1780600844,0.104603386050284,"{""pod"": ""frontend-7b76648f6b-227tg""}"
cpu__frontend,1780600859,0.16991252490969114,"{""pod"": ""frontend-7b76648f6b-227tg""}"
cpu__frontend,1780600874,0.19977209169180624,"{""pod"": ""frontend-7b76648f6b-227tg""}"
cpu__frontend,1780600889,0.1579039132761955,"{""pod"": ""frontend-7b76648f6b-227tg""}"
cpu__frontend,1780600904,0.19973278518062085,"{""pod"": ""frontend-7b76648f6b-227tg""}"
cpu__frontend,1780600919,0.19987768688934332,"{""pod"": ""frontend-7b76648f6b-227tg""}"
cpu__frontend,1780600934,0.15114004253510338,"{""pod"": ""frontend-7b76648f6b-227tg""}"
cpu__frontend,1780600949,0.20006732558620408,"{""pod"": ""frontend-7b76648f6b-227tg""}"
cpu__frontend,1780600964,0.20012160628042563,"{""pod"": ""frontend-7b76648f6b-227tg""}"
cpu__frontend,1780600979,0.20008119195368826,"{""pod"": ""frontend-7b76648f6b-227tg""}"
cpu__frontend,1780600994,0.20004436654774704,"{""pod"": ""frontend-7b76648f6b-227tg""}"
cpu__frontend,1780601009,0.2000613603769715,"{""pod"": ""frontend-7b76648f6b-227tg""}"
cpu__frontend,1780601024,0.19995696953234635,"{""pod"": ""frontend-7b76648f6b-227tg""}"
cpu__frontend,1780601039,0.19987711980306372,"{""pod"": ""frontend-7b76648f6b-227tg""}"
cpu__frontend,1780601054,0.13832649665608962,"{""pod"": ""frontend-7b76648f6b-227tg""}"
cpu__frontend,1780601069,0.19999846967167462,"{""pod"": ""frontend-7b76648f6b-227tg""}"
cpu__frontend,1780601084,0.1999703569268005,"{""pod"": ""frontend-7b76648f6b-227tg""}"
cpu__frontend,1780601099,0.19976603854784783,"{""pod"": ""frontend-7b76648f6b-227tg""}"
cpu__frontend,1780601114,0.1998727440701277,"{""pod"": ""frontend-7b76648f6b-227tg""}"
cpu__frontend,1780601129,0.15401676093906666,"{""pod"": ""frontend-7b76648f6b-227tg""}"
cpu__frontend,1780601144,0.09927189812424625,"{""pod"": ""frontend-7b76648f6b-227tg""}"
cpu__frontend,1780601159,0.04313389104096232,"{""pod"": ""frontend-7b76648f6b-227tg""}"
cpu__frontend,1780601174,0.020692417296493505,"{""pod"": ""frontend-7b76648f6b-227tg""}"
cpu__frontend,1780601189,0.020381289132380177,"{""pod"": ""frontend-7b76648f6b-227tg""}"
cpu__frontend,1780601204,0.018850030481610033,"{""pod"": ""frontend-7b76648f6b-227tg""}"
cpu__frontend,1780601219,0.014650363828250081,"{""pod"": ""frontend-7b76648f6b-227tg""}"
cpu__frontend,1780601234,0.01635457317092597,"{""pod"": ""frontend-7b76648f6b-227tg""}"
cpu__frontend,1780601249,0.01667958525595105,"{""pod"": ""frontend-7b76648f6b-227tg""}"
cpu__frontend,1780601264,0.020782333858117643,"{""pod"": ""frontend-7b76648f6b-227tg""}"
cpu__frontend,1780601279,0.017920766480241882,"{""pod"": ""frontend-7b76648f6b-227tg""}"
cpu__frontend,1780601294,0.01664450874079124,"{""pod"": ""frontend-7b76648f6b-227tg""}"
cpu__frontend,1780601309,0.01716441210630545,"{""pod"": ""frontend-7b76648f6b-227tg""}"
cpu__frontend,1780601324,0.01710446278939778,"{""pod"": ""frontend-7b76648f6b-227tg""}"
cpu__frontend,1780601339,0.01801962411809987,"{""pod"": ""frontend-7b76648f6b-227tg""}"
cpu__frontend,1780601354,0.015349585805601246,"{""pod"": ""frontend-7b76648f6b-227tg""}"
cpu__frontend,1780601369,0.015892571949193118,"{""pod"": ""frontend-7b76648f6b-227tg""}"
cpu__frontend,1780601384,0.016037029960256834,"{""pod"": ""frontend-7b76648f6b-227tg""}"
cpu__frontend,1780601399,0.01759995454545498,"{""pod"": ""frontend-7b76648f6b-227tg""}"
cpu__frontend,1780601414,0.016778102460632233,"{""pod"": ""frontend-7b76648f6b-227tg""}"
cpu__frontend,1780601429,0.01696319691777024,"{""pod"": ""frontend-7b76648f6b-227tg""}"
cpu__frontend,1780601444,0.015361171659296855,"{""pod"": ""frontend-7b76648f6b-227tg""}"
cpu__frontend,1780601459,0.015263257218343925,"{""pod"": ""frontend-7b76648f6b-227tg""}"
cpu__frontend,1780601474,0.014942122186495672,"{""pod"": ""frontend-7b76648f6b-227tg""}"
cpu__frontend,1780601489,0.01710050830806031,"{""pod"": ""frontend-7b76648f6b-227tg""}"
cpu__loadgenerator,1780600484,0.0037130653459264517,"{""pod"": ""loadgenerator-5b6c64c487-kr4rt""}"
cpu__loadgenerator,1780600499,0.003888735128883,"{""pod"": ""loadgenerator-5b6c64c487-kr4rt""}"
cpu__loadgenerator,1780600514,0.003822843419372955,"{""pod"": ""loadgenerator-5b6c64c487-kr4rt""}"
cpu__loadgenerator,1780600529,0.003715278452716358,"{""pod"": ""loadgenerator-5b6c64c487-kr4rt""}"
cpu__loadgenerator,1780600544,0.003443153964217936,"{""pod"": ""loadgenerator-5b6c64c487-kr4rt""}"
cpu__loadgenerator,1780600559,0.0034152019876690642,"{""pod"": ""loadgenerator-5b6c64c487-kr4rt""}"
cpu__loadgenerator,1780600574,0.0037050372368498214,"{""pod"": ""loadgenerator-5b6c64c487-kr4rt""}"
cpu__loadgenerator,1780600589,0.0039041157465934495,"{""pod"": ""loadgenerator-5b6c64c487-kr4rt""}"
cpu__loadgenerator,1780600604,0.003915443493921647,"{""pod"": ""loadgenerator-5b6c64c487-kr4rt""}"
cpu__loadgenerator,1780600619,0.0035777915691985545,"{""pod"": ""loadgenerator-5b6c64c487-kr4rt""}"
cpu__loadgenerator,1780600634,0.0027523151306062237,"{""pod"": ""loadgenerator-5b6c64c487-kr4rt""}"
cpu__loadgenerator,1780600649,0.003001515130606225,"{""pod"": ""loadgenerator-5b6c64c487-kr4rt""}"
cpu__loadgenerator,1780600664,0.00375477156922019,"{""pod"": ""loadgenerator-5b6c64c487-kr4rt""}"
cpu__loadgenerator,1780600679,0.0036463543582199286,"{""pod"": ""loadgenerator-5b6c64c487-kr4rt""}"
cpu__loadgenerator,1780600694,0.0023939663571436,"{""pod"": ""loadgenerator-5b6c64c487-kr4rt""}"
cpu__loadgenerator,1780600709,0.0034241452774676747,"{""pod"": ""loadgenerator-5b6c64c487-kr4rt""}"
cpu__loadgenerator,1780600724,0.0034307176311821,"{""pod"": ""loadgenerator-5b6c64c487-kr4rt""}"
cpu__loadgenerator,1780600739,0.0036301589751504388,"{""pod"": ""loadgenerator-5b6c64c487-kr4rt""}"
cpu__loadgenerator,1780600754,0.0037435822637107755,"{""pod"": ""loadgenerator-5b6c64c487-kr4rt""}"
cpu__loadgenerator,1780600769,0.0038926470588234482,"{""pod"": ""loadgenerator-5b6c64c487-kr4rt""}"
cpu__loadgenerator,1780600784,0.00393212910081012,"{""pod"": ""loadgenerator-5b6c64c487-kr4rt""}"
cpu__loadgenerator,1780600799,0.003932129100810119,"{""pod"": ""loadgenerator-5b6c64c487-kr4rt""}"
cpu__loadgenerator,1780600814,0.0038817564821588295,"{""pod"": ""loadgenerator-5b6c64c487-kr4rt""}"
cpu__loadgenerator,1780600829,0.0035961175347406144,"{""pod"": ""loadgenerator-5b6c64c487-kr4rt""}"
cpu__loadgenerator,1780600844,0.0021439066357406005,"{""pod"": ""loadgenerator-5b6c64c487-kr4rt""}"
cpu__loadgenerator,1780600859,0.0032577059802907458,"{""pod"": ""loadgenerator-5b6c64c487-kr4rt""}"
cpu__loadgenerator,1780600874,0.0034621220048132884,"{""pod"": ""loadgenerator-5b6c64c487-kr4rt""}"
cpu__loadgenerator,1780600889,0.0013483333333333292,"{""pod"": ""loadgenerator-5b6c64c487-kr4rt""}"
cpu__loadgenerator,1780600904,0.00396712814885723,"{""pod"": ""loadgenerator-5b6c64c487-kr4rt""}"
cpu__loadgenerator,1780600919,0.003924327286009928,"{""pod"": ""loadgenerator-5b6c64c487-kr4rt""}"
cpu__loadgenerator,1780600934,0.0026684642008005955,"{""pod"": ""loadgenerator-5b6c64c487-kr4rt""}"
cpu__loadgenerator,1780600949,0.0035358336638149296,"{""pod"": ""loadgenerator-5b6c64c487-kr4rt""}"
cpu__loadgenerator,1780600964,0.0035340395109282313,"{""pod"": ""loadgenerator-5b6c64c487-kr4rt""}"
cpu__loadgenerator,1780600979,0.003723783648741628,"{""pod"": ""loadgenerator-5b6c64c487-kr4rt""}"
cpu__loadgenerator,1780600994,0.0035892594409025146,"{""pod"": ""loadgenerator-5b6c64c487-kr4rt""}"
cpu__loadgenerator,1780601009,0.003681521093285773,"{""pod"": ""loadgenerator-5b6c64c487-kr4rt""}"
cpu__loadgenerator,1780601024,0.003546564463234355,"{""pod"": ""loadgenerator-5b6c64c487-kr4rt""}"
cpu__loadgenerator,1780601039,0.0036778631067729012,"{""pod"": ""loadgenerator-5b6c64c487-kr4rt""}"
cpu__loadgenerator,1780601054,0.003461056338028183,"{""pod"": ""loadgenerator-5b6c64c487-kr4rt""}"
cpu__loadgenerator,1780601069,0.0037482752656764306,"{""pod"": ""loadgenerator-5b6c64c487-kr4rt""}"
cpu__loadgenerator,1780601084,0.0037670626075670846,"{""pod"": ""loadgenerator-5b6c64c487-kr4rt""}"
cpu__loadgenerator,1780601099,0.0036244704458341733,"{""pod"": ""loadgenerator-5b6c64c487-kr4rt""}"
cpu__loadgenerator,1780601114,0.0032257062928463375,"{""pod"": ""loadgenerator-5b6c64c487-kr4rt""}"
cpu__loadgenerator,1780601129,0.0026220749989313784,"{""pod"": ""loadgenerator-5b6c64c487-kr4rt""}"
cpu__loadgenerator,1780601144,0.003528044257505879,"{""pod"": ""loadgenerator-5b6c64c487-kr4rt""}"
cpu__loadgenerator,1780601159,0.0036162643999089836,"{""pod"": ""loadgenerator-5b6c64c487-kr4rt""}"
cpu__loadgenerator,1780601174,0.004212541694463034,"{""pod"": ""loadgenerator-5b6c64c487-kr4rt""}"
cpu__loadgenerator,1780601189,0.0038868838680969618,"{""pod"": ""loadgenerator-5b6c64c487-kr4rt""}"
cpu__loadgenerator,1780601204,0.003649803235679904,"{""pod"": ""loadgenerator-5b6c64c487-kr4rt""}"
cpu__loadgenerator,1780601219,0.003259091013904583,"{""pod"": ""loadgenerator-5b6c64c487-kr4rt""}"
cpu__loadgenerator,1780601234,0.003943398403248848,"{""pod"": ""loadgenerator-5b6c64c487-kr4rt""}"
cpu__loadgenerator,1780601249,0.004878390046270636,"{""pod"": ""loadgenerator-5b6c64c487-kr4rt""}"
cpu__loadgenerator,1780601264,0.004719936813005879,"{""pod"": ""loadgenerator-5b6c64c487-kr4rt""}"
cpu__loadgenerator,1780601279,0.004313961635327392,"{""pod"": ""loadgenerator-5b6c64c487-kr4rt""}"
cpu__loadgenerator,1780601294,0.0036662022847590964,"{""pod"": ""loadgenerator-5b6c64c487-kr4rt""}"
cpu__loadgenerator,1780601309,0.0039997378768021905,"{""pod"": ""loadgenerator-5b6c64c487-kr4rt""}"
cpu__loadgenerator,1780601324,0.003891568849198552,"{""pod"": ""loadgenerator-5b6c64c487-kr4rt""}"
cpu__loadgenerator,1780601339,0.0039946900765801515,"{""pod"": ""loadgenerator-5b6c64c487-kr4rt""}"
cpu__loadgenerator,1780601354,0.003583738612233679,"{""pod"": ""loadgenerator-5b6c64c487-kr4rt""}"
cpu__loadgenerator,1780601369,0.003432426234520828,"{""pod"": ""loadgenerator-5b6c64c487-kr4rt""}"
cpu__loadgenerator,1780601384,0.0038739124333426822,"{""pod"": ""loadgenerator-5b6c64c487-kr4rt""}"
cpu__loadgenerator,1780601399,0.0036311886493205743,"{""pod"": ""loadgenerator-5b6c64c487-kr4rt""}"
cpu__loadgenerator,1780601414,0.0025561914690805628,"{""pod"": ""loadgenerator-5b6c64c487-kr4rt""}"
cpu__loadgenerator,1780601429,0.0034213896267300307,"{""pod"": ""loadgenerator-5b6c64c487-kr4rt""}"
cpu__loadgenerator,1780601444,0.00349490392194169,"{""pod"": ""loadgenerator-5b6c64c487-kr4rt""}"
cpu__loadgenerator,1780601459,0.0033547893588690638,"{""pod"": ""loadgenerator-5b6c64c487-kr4rt""}"
cpu__loadgenerator,1780601474,0.002761090209760864,"{""pod"": ""loadgenerator-5b6c64c487-kr4rt""}"
cpu__loadgenerator,1780601489,0.003599675989085868,"{""pod"": ""loadgenerator-5b6c64c487-kr4rt""}"
cpu__paymentservice,1780600484,0.0009182787541619265,"{""pod"": ""paymentservice-85698c8c59-5sx8h""}"
cpu__paymentservice,1780600499,0.0003514812775330418,"{""pod"": ""paymentservice-85698c8c59-5sx8h""}"
cpu__paymentservice,1780600514,0.0004996983879355154,"{""pod"": ""paymentservice-85698c8c59-5sx8h""}"
cpu__paymentservice,1780600529,0.0005840024162492729,"{""pod"": ""paymentservice-85698c8c59-5sx8h""}"
cpu__paymentservice,1780600544,0.00035186788187418865,"{""pod"": ""paymentservice-85698c8c59-5sx8h""}"
cpu__paymentservice,1780600559,0.000722556355370337,"{""pod"": ""paymentservice-85698c8c59-5sx8h""}"
cpu__paymentservice,1780600574,0.0007657913413768655,"{""pod"": ""paymentservice-85698c8c59-5sx8h""}"
cpu__paymentservice,1780600589,0.0008091721651066436,"{""pod"": ""paymentservice-85698c8c59-5sx8h""}"
cpu__paymentservice,1780600604,0.0006033180669197033,"{""pod"": ""paymentservice-85698c8c59-5sx8h""}"
cpu__paymentservice,1780600619,0.0005113884101903937,"{""pod"": ""paymentservice-85698c8c59-5sx8h""}"
cpu__paymentservice,1780600634,0.00043205310260559286,"{""pod"": ""paymentservice-85698c8c59-5sx8h""}"
cpu__paymentservice,1780600649,0.0006132540356839453,"{""pod"": ""paymentservice-85698c8c59-5sx8h""}"
cpu__paymentservice,1780600664,0.0005161122543587897,"{""pod"": ""paymentservice-85698c8c59-5sx8h""}"
cpu__paymentservice,1780600679,0.0002860174390982974,"{""pod"": ""paymentservice-85698c8c59-5sx8h""}"
cpu__paymentservice,1780600694,0.0003715124816446371,"{""pod"": ""paymentservice-85698c8c59-5sx8h""}"
cpu__paymentservice,1780600709,0.0005060413817839471,"{""pod"": ""paymentservice-85698c8c59-5sx8h""}"
cpu__paymentservice,1780600724,0.0005346445750935312,"{""pod"": ""paymentservice-85698c8c59-5sx8h""}"
cpu__paymentservice,1780600739,0.0005422637384477808,"{""pod"": ""paymentservice-85698c8c59-5sx8h""}"
cpu__paymentservice,1780600754,0.0004713871785584906,"{""pod"": ""paymentservice-85698c8c59-5sx8h""}"
cpu__paymentservice,1780600769,0.0005613850996852078,"{""pod"": ""paymentservice-85698c8c59-5sx8h""}"
cpu__paymentservice,1780600784,0.0006828087167070222,"{""pod"": ""paymentservice-85698c8c59-5sx8h""}"
cpu__paymentservice,1780600799,0.0006506637348318253,"{""pod"": ""paymentservice-85698c8c59-5sx8h""}"
cpu__paymentservice,1780600814,0.0006457926003910365,"{""pod"": ""paymentservice-85698c8c59-5sx8h""}"
cpu__paymentservice,1780600829,0.0006904206982602322,"{""pod"": ""paymentservice-85698c8c59-5sx8h""}"
cpu__paymentservice,1780600844,0.00045585474479377917,"{""pod"": ""paymentservice-85698c8c59-5sx8h""}"
cpu__paymentservice,1780600859,0.0005809099923898213,"{""pod"": ""paymentservice-85698c8c59-5sx8h""}"
cpu__paymentservice,1780600874,0.00048454105116032723,"{""pod"": ""paymentservice-85698c8c59-5sx8h""}"
cpu__paymentservice,1780600889,0.0006957052500587906,"{""pod"": ""paymentservice-85698c8c59-5sx8h""}"
cpu__paymentservice,1780600904,0.0007805326543808639,"{""pod"": ""paymentservice-85698c8c59-5sx8h""}"
cpu__paymentservice,1780600919,0.0007892928500737566,"{""pod"": ""paymentservice-85698c8c59-5sx8h""}"
cpu__paymentservice,1780600934,0.0005210441834924376,"{""pod"": ""paymentservice-85698c8c59-5sx8h""}"
cpu__paymentservice,1780600949,0.0005171193247566539,"{""pod"": ""paymentservice-85698c8c59-5sx8h""}"
cpu__paymentservice,1780600964,0.0005215933398855342,"{""pod"": ""paymentservice-85698c8c59-5sx8h""}"
cpu__paymentservice,1780600979,0.0005185643564356436,"{""pod"": ""paymentservice-85698c8c59-5sx8h""}"
cpu__paymentservice,1780600994,0.0005056482294410338,"{""pod"": ""paymentservice-85698c8c59-5sx8h""}"
cpu__paymentservice,1780601009,0.0005914395163968914,"{""pod"": ""paymentservice-85698c8c59-5sx8h""}"
cpu__paymentservice,1780601024,0.0007093006795017028,"{""pod"": ""paymentservice-85698c8c59-5sx8h""}"
cpu__paymentservice,1780601039,0.0007163878912262675,"{""pod"": ""paymentservice-85698c8c59-5sx8h""}"
cpu__paymentservice,1780601054,0.0005940599747232928,"{""pod"": ""paymentservice-85698c8c59-5sx8h""}"
cpu__paymentservice,1780601069,0.0004744974365298888,"{""pod"": ""paymentservice-85698c8c59-5sx8h""}"
cpu__paymentservice,1780601084,0.00028193975212253004,"{""pod"": ""paymentservice-85698c8c59-5sx8h""}"
cpu__paymentservice,1780601099,0.00036893818642328786,"{""pod"": ""paymentservice-85698c8c59-5sx8h""}"
cpu__paymentservice,1780601114,0.0003818464782368594,"{""pod"": ""paymentservice-85698c8c59-5sx8h""}"
cpu__paymentservice,1780601129,0.0002817669820473438,"{""pod"": ""paymentservice-85698c8c59-5sx8h""}"
cpu__paymentservice,1780601144,0.00038541992257939864,"{""pod"": ""paymentservice-85698c8c59-5sx8h""}"
cpu__paymentservice,1780601159,0.00046148320304246603,"{""pod"": ""paymentservice-85698c8c59-5sx8h""}"
cpu__paymentservice,1780601174,0.0004925648902542236,"{""pod"": ""paymentservice-85698c8c59-5sx8h""}"
cpu__paymentservice,1780601189,0.00045922411933069896,"{""pod"": ""paymentservice-85698c8c59-5sx8h""}"
cpu__paymentservice,1780601204,0.0005114035676716107,"{""pod"": ""paymentservice-85698c8c59-5sx8h""}"
cpu__paymentservice,1780601219,0.0007088945602344078,"{""pod"": ""paymentservice-85698c8c59-5sx8h""}"
cpu__paymentservice,1780601234,0.000629813998329394,"{""pod"": ""paymentservice-85698c8c59-5sx8h""}"
cpu__paymentservice,1780601249,0.0008034299603889091,"{""pod"": ""paymentservice-85698c8c59-5sx8h""}"
cpu__paymentservice,1780601264,0.0004924337363039953,"{""pod"": ""paymentservice-85698c8c59-5sx8h""}"
cpu__paymentservice,1780601279,0.0005909444923905891,"{""pod"": ""paymentservice-85698c8c59-5sx8h""}"
cpu__paymentservice,1780601294,0.0005050227698901751,"{""pod"": ""paymentservice-85698c8c59-5sx8h""}"
cpu__paymentservice,1780601309,0.0003453596798324462,"{""pod"": ""paymentservice-85698c8c59-5sx8h""}"
cpu__paymentservice,1780601324,0.0005659275125964509,"{""pod"": ""paymentservice-85698c8c59-5sx8h""}"
cpu__paymentservice,1780601339,0.0006297247146742547,"{""pod"": ""paymentservice-85698c8c59-5sx8h""}"
cpu__paymentservice,1780601354,0.000535737459445967,"{""pod"": ""paymentservice-85698c8c59-5sx8h""}"
cpu__paymentservice,1780601369,0.0005196811771919115,"{""pod"": ""paymentservice-85698c8c59-5sx8h""}"
cpu__paymentservice,1780601384,0.00046840895482026394,"{""pod"": ""paymentservice-85698c8c59-5sx8h""}"
cpu__paymentservice,1780601399,0.0005274534248740132,"{""pod"": ""paymentservice-85698c8c59-5sx8h""}"
cpu__paymentservice,1780601414,0.0004643309062999187,"{""pod"": ""paymentservice-85698c8c59-5sx8h""}"
cpu__paymentservice,1780601429,0.0005015973504499046,"{""pod"": ""paymentservice-85698c8c59-5sx8h""}"
cpu__paymentservice,1780601444,0.0005965890157826142,"{""pod"": ""paymentservice-85698c8c59-5sx8h""}"
cpu__paymentservice,1780601459,0.0005779501932409148,"{""pod"": ""paymentservice-85698c8c59-5sx8h""}"
cpu__paymentservice,1780601474,0.0004454259718775922,"{""pod"": ""paymentservice-85698c8c59-5sx8h""}"
cpu__paymentservice,1780601489,0.00047073985252258846,"{""pod"": ""paymentservice-85698c8c59-5sx8h""}"
cpu__productcatalogservice,1780600484,0.006834063227042721,"{""pod"": ""productcatalogservice-7cc84874c9-c24xf""}"
cpu__productcatalogservice,1780600499,0.007834113300492817,"{""pod"": ""productcatalogservice-7cc84874c9-c24xf""}"
cpu__productcatalogservice,1780600514,0.007024852916996878,"{""pod"": ""productcatalogservice-7cc84874c9-c24xf""}"
cpu__productcatalogservice,1780600529,0.007677303410186821,"{""pod"": ""productcatalogservice-7cc84874c9-c24xf""}"
cpu__productcatalogservice,1780600544,0.006507125407165826,"{""pod"": ""productcatalogservice-7cc84874c9-c24xf""}"
cpu__productcatalogservice,1780600559,0.006726646842071021,"{""pod"": ""productcatalogservice-7cc84874c9-c24xf""}"
cpu__productcatalogservice,1780600574,0.007089362372494142,"{""pod"": ""productcatalogservice-7cc84874c9-c24xf""}"
cpu__productcatalogservice,1780600589,0.0076726570010399835,"{""pod"": ""productcatalogservice-7cc84874c9-c24xf""}"
cpu__productcatalogservice,1780600604,0.008026544562915685,"{""pod"": ""productcatalogservice-7cc84874c9-c24xf""}"
cpu__productcatalogservice,1780600619,0.007893157316717922,"{""pod"": ""productcatalogservice-7cc84874c9-c24xf""}"
cpu__productcatalogservice,1780600634,0.007546534079938127,"{""pod"": ""productcatalogservice-7cc84874c9-c24xf""}"
cpu__productcatalogservice,1780600649,0.006131775455626678,"{""pod"": ""productcatalogservice-7cc84874c9-c24xf""}"
cpu__productcatalogservice,1780600664,0.007734402546522925,"{""pod"": ""productcatalogservice-7cc84874c9-c24xf""}"
cpu__productcatalogservice,1780600679,0.0075039376203160585,"{""pod"": ""productcatalogservice-7cc84874c9-c24xf""}"
cpu__productcatalogservice,1780600694,0.0066843199319694775,"{""pod"": ""productcatalogservice-7cc84874c9-c24xf""}"
cpu__productcatalogservice,1780600709,0.0066843199319694775,"{""pod"": ""productcatalogservice-7cc84874c9-c24xf""}"
cpu__productcatalogservice,1780600724,0.006880841816310313,"{""pod"": ""productcatalogservice-7cc84874c9-c24xf""}"
cpu__productcatalogservice,1780600739,0.006850434350955582,"{""pod"": ""productcatalogservice-7cc84874c9-c24xf""}"
cpu__productcatalogservice,1780600754,0.005270182694368105,"{""pod"": ""productcatalogservice-7cc84874c9-c24xf""}"
cpu__productcatalogservice,1780600769,0.008094581131421742,"{""pod"": ""productcatalogservice-7cc84874c9-c24xf""}"
cpu__productcatalogservice,1780600784,0.00876668758144708,"{""pod"": ""productcatalogservice-7cc84874c9-c24xf""}"
cpu__productcatalogservice,1780600799,0.008030435379127643,"{""pod"": ""productcatalogservice-7cc84874c9-c24xf""}"
cpu__productcatalogservice,1780600814,0.007762093594394206,"{""pod"": ""productcatalogservice-7cc84874c9-c24xf""}"
cpu__productcatalogservice,1780600829,0.007343487918763129,"{""pod"": ""productcatalogservice-7cc84874c9-c24xf""}"
cpu__productcatalogservice,1780600844,0.007660872190829193,"{""pod"": ""productcatalogservice-7cc84874c9-c24xf""}"
cpu__productcatalogservice,1780600859,0.006951176500226715,"{""pod"": ""productcatalogservice-7cc84874c9-c24xf""}"
cpu__productcatalogservice,1780600874,0.007050011356831671,"{""pod"": ""productcatalogservice-7cc84874c9-c24xf""}"
cpu__productcatalogservice,1780600889,0.007679210555493964,"{""pod"": ""productcatalogservice-7cc84874c9-c24xf""}"
cpu__productcatalogservice,1780600904,0.007579173769971886,"{""pod"": ""productcatalogservice-7cc84874c9-c24xf""}"
cpu__productcatalogservice,1780600919,0.00816478931096389,"{""pod"": ""productcatalogservice-7cc84874c9-c24xf""}"
cpu__productcatalogservice,1780600934,0.006763288350316782,"{""pod"": ""productcatalogservice-7cc84874c9-c24xf""}"
cpu__productcatalogservice,1780600949,0.0068081878386512815,"{""pod"": ""productcatalogservice-7cc84874c9-c24xf""}"
cpu__productcatalogservice,1780600964,0.006958504342845949,"{""pod"": ""productcatalogservice-7cc84874c9-c24xf""}"
cpu__productcatalogservice,1780600979,0.00791945477075601,"{""pod"": ""productcatalogservice-7cc84874c9-c24xf""}"
cpu__productcatalogservice,1780600994,0.007649108624430983,"{""pod"": ""productcatalogservice-7cc84874c9-c24xf""}"
cpu__productcatalogservice,1780601009,0.007775630499768544,"{""pod"": ""productcatalogservice-7cc84874c9-c24xf""}"
cpu__productcatalogservice,1780601024,0.00736990322432685,"{""pod"": ""productcatalogservice-7cc84874c9-c24xf""}"
cpu__productcatalogservice,1780601039,0.007783157946378172,"{""pod"": ""productcatalogservice-7cc84874c9-c24xf""}"
cpu__productcatalogservice,1780601054,0.006111917965539582,"{""pod"": ""productcatalogservice-7cc84874c9-c24xf""}"
cpu__productcatalogservice,1780601069,0.007083541147132143,"{""pod"": ""productcatalogservice-7cc84874c9-c24xf""}"
cpu__productcatalogservice,1780601084,0.006789318567473408,"{""pod"": ""productcatalogservice-7cc84874c9-c24xf""}"
cpu__productcatalogservice,1780601099,0.006679646052348373,"{""pod"": ""productcatalogservice-7cc84874c9-c24xf""}"
cpu__productcatalogservice,1780601114,0.006517292266679579,"{""pod"": ""productcatalogservice-7cc84874c9-c24xf""}"
cpu__productcatalogservice,1780601129,0.006641775833881815,"{""pod"": ""productcatalogservice-7cc84874c9-c24xf""}"
cpu__productcatalogservice,1780601144,0.006811319853906431,"{""pod"": ""productcatalogservice-7cc84874c9-c24xf""}"
cpu__productcatalogservice,1780601159,0.007943341732893924,"{""pod"": ""productcatalogservice-7cc84874c9-c24xf""}"
cpu__productcatalogservice,1780601174,0.009206196365980438,"{""pod"": ""productcatalogservice-7cc84874c9-c24xf""}"
cpu__productcatalogservice,1780601189,0.008923498492380406,"{""pod"": ""productcatalogservice-7cc84874c9-c24xf""}"
cpu__productcatalogservice,1780601204,0.007857287889775237,"{""pod"": ""productcatalogservice-7cc84874c9-c24xf""}"
cpu__productcatalogservice,1780601219,0.007772683599298123,"{""pod"": ""productcatalogservice-7cc84874c9-c24xf""}"
cpu__productcatalogservice,1780601234,0.008639845547798224,"{""pod"": ""productcatalogservice-7cc84874c9-c24xf""}"
cpu__productcatalogservice,1780601249,0.009640912185159684,"{""pod"": ""productcatalogservice-7cc84874c9-c24xf""}"
cpu__productcatalogservice,1780601264,0.008274712915828372,"{""pod"": ""productcatalogservice-7cc84874c9-c24xf""}"
cpu__productcatalogservice,1780601279,0.007798320311356905,"{""pod"": ""productcatalogservice-7cc84874c9-c24xf""}"
cpu__productcatalogservice,1780601294,0.007238044689772006,"{""pod"": ""productcatalogservice-7cc84874c9-c24xf""}"
cpu__productcatalogservice,1780601309,0.007261408986580069,"{""pod"": ""productcatalogservice-7cc84874c9-c24xf""}"
cpu__productcatalogservice,1780601324,0.0075758024883967245,"{""pod"": ""productcatalogservice-7cc84874c9-c24xf""}"
cpu__productcatalogservice,1780601339,0.00765231905991278,"{""pod"": ""productcatalogservice-7cc84874c9-c24xf""}"
cpu__productcatalogservice,1780601354,0.007626033015270982,"{""pod"": ""productcatalogservice-7cc84874c9-c24xf""}"
cpu__productcatalogservice,1780601369,0.007350636092351036,"{""pod"": ""productcatalogservice-7cc84874c9-c24xf""}"
cpu__productcatalogservice,1780601384,0.006639642811737346,"{""pod"": ""productcatalogservice-7cc84874c9-c24xf""}"
cpu__productcatalogservice,1780601399,0.007481016946858539,"{""pod"": ""productcatalogservice-7cc84874c9-c24xf""}"
cpu__productcatalogservice,1780601414,0.007124950423652541,"{""pod"": ""productcatalogservice-7cc84874c9-c24xf""}"
cpu__productcatalogservice,1780601429,0.006556241379310133,"{""pod"": ""productcatalogservice-7cc84874c9-c24xf""}"
cpu__productcatalogservice,1780601444,0.006450999520777481,"{""pod"": ""productcatalogservice-7cc84874c9-c24xf""}"
cpu__productcatalogservice,1780601459,0.005427710799102254,"{""pod"": ""productcatalogservice-7cc84874c9-c24xf""}"
cpu__productcatalogservice,1780601474,0.006257407069416754,"{""pod"": ""productcatalogservice-7cc84874c9-c24xf""}"
cpu__productcatalogservice,1780601489,0.007032265197128942,"{""pod"": ""productcatalogservice-7cc84874c9-c24xf""}"
cpu__recommendationservice,1780600484,0.005478164601686426,"{""pod"": ""recommendationservice-5dd85b5857-mw2fd""}"
cpu__recommendationservice,1780600499,0.005763984112125988,"{""pod"": ""recommendationservice-5dd85b5857-mw2fd""}"
cpu__recommendationservice,1780600514,0.00583359113173491,"{""pod"": ""recommendationservice-5dd85b5857-mw2fd""}"
cpu__recommendationservice,1780600529,0.0057981732339053215,"{""pod"": ""recommendationservice-5dd85b5857-mw2fd""}"
cpu__recommendationservice,1780600544,0.0054482060185185,"{""pod"": ""recommendationservice-5dd85b5857-mw2fd""}"
cpu__recommendationservice,1780600559,0.005309004309367357,"{""pod"": ""recommendationservice-5dd85b5857-mw2fd""}"
cpu__recommendationservice,1780600574,0.005575264863145968,"{""pod"": ""recommendationservice-5dd85b5857-mw2fd""}"
cpu__recommendationservice,1780600589,0.005601672378341529,"{""pod"": ""recommendationservice-5dd85b5857-mw2fd""}"
cpu__recommendationservice,1780600604,0.005975966750993605,"{""pod"": ""recommendationservice-5dd85b5857-mw2fd""}"
cpu__recommendationservice,1780600619,0.00586306436119098,"{""pod"": ""recommendationservice-5dd85b5857-mw2fd""}"
cpu__recommendationservice,1780600634,0.005803674564555039,"{""pod"": ""recommendationservice-5dd85b5857-mw2fd""}"
cpu__recommendationservice,1780600649,0.006168529463397557,"{""pod"": ""recommendationservice-5dd85b5857-mw2fd""}"
cpu__recommendationservice,1780600664,0.006221817149842873,"{""pod"": ""recommendationservice-5dd85b5857-mw2fd""}"
cpu__recommendationservice,1780600679,0.004323097853192007,"{""pod"": ""recommendationservice-5dd85b5857-mw2fd""}"
cpu__recommendationservice,1780600694,0.005784623291191457,"{""pod"": ""recommendationservice-5dd85b5857-mw2fd""}"
cpu__recommendationservice,1780600709,0.004767925517022365,"{""pod"": ""recommendationservice-5dd85b5857-mw2fd""}"
cpu__recommendationservice,1780600724,0.005887475988203808,"{""pod"": ""recommendationservice-5dd85b5857-mw2fd""}"
cpu__recommendationservice,1780600739,0.005601867105985588,"{""pod"": ""recommendationservice-5dd85b5857-mw2fd""}"
cpu__recommendationservice,1780600754,0.005520850890703863,"{""pod"": ""recommendationservice-5dd85b5857-mw2fd""}"
cpu__recommendationservice,1780600769,0.006047994336072347,"{""pod"": ""recommendationservice-5dd85b5857-mw2fd""}"
cpu__recommendationservice,1780600784,0.00639263141321221,"{""pod"": ""recommendationservice-5dd85b5857-mw2fd""}"
cpu__recommendationservice,1780600799,0.006032096159231141,"{""pod"": ""recommendationservice-5dd85b5857-mw2fd""}"
cpu__recommendationservice,1780600814,0.005853881835937366,"{""pod"": ""recommendationservice-5dd85b5857-mw2fd""}"
cpu__recommendationservice,1780600829,0.0057198641416218695,"{""pod"": ""recommendationservice-5dd85b5857-mw2fd""}"
cpu__recommendationservice,1780600844,0.00581546709250622,"{""pod"": ""recommendationservice-5dd85b5857-mw2fd""}"
cpu__recommendationservice,1780600859,0.005386392573558299,"{""pod"": ""recommendationservice-5dd85b5857-mw2fd""}"
cpu__recommendationservice,1780600874,0.005073085349052534,"{""pod"": ""recommendationservice-5dd85b5857-mw2fd""}"
cpu__recommendationservice,1780600889,0.005388322484510827,"{""pod"": ""recommendationservice-5dd85b5857-mw2fd""}"
cpu__recommendationservice,1780600904,0.005385191151624768,"{""pod"": ""recommendationservice-5dd85b5857-mw2fd""}"
cpu__recommendationservice,1780600919,0.005839075669167377,"{""pod"": ""recommendationservice-5dd85b5857-mw2fd""}"
cpu__recommendationservice,1780600934,0.005406944674279117,"{""pod"": ""recommendationservice-5dd85b5857-mw2fd""}"
cpu__recommendationservice,1780600949,0.00528120579483915,"{""pod"": ""recommendationservice-5dd85b5857-mw2fd""}"
cpu__recommendationservice,1780600964,0.00539032110282786,"{""pod"": ""recommendationservice-5dd85b5857-mw2fd""}"
cpu__recommendationservice,1780600979,0.005884810510358752,"{""pod"": ""recommendationservice-5dd85b5857-mw2fd""}"
cpu__recommendationservice,1780600994,0.005632031320313179,"{""pod"": ""recommendationservice-5dd85b5857-mw2fd""}"
cpu__recommendationservice,1780601009,0.005537780484377495,"{""pod"": ""recommendationservice-5dd85b5857-mw2fd""}"
cpu__recommendationservice,1780601024,0.0051301806711970014,"{""pod"": ""recommendationservice-5dd85b5857-mw2fd""}"
cpu__recommendationservice,1780601039,0.005531495072821824,"{""pod"": ""recommendationservice-5dd85b5857-mw2fd""}"
cpu__recommendationservice,1780601054,0.005309012379896306,"{""pod"": ""recommendationservice-5dd85b5857-mw2fd""}"
cpu__recommendationservice,1780601069,0.00552697873684612,"{""pod"": ""recommendationservice-5dd85b5857-mw2fd""}"
cpu__recommendationservice,1780601084,0.005423210562890721,"{""pod"": ""recommendationservice-5dd85b5857-mw2fd""}"
cpu__recommendationservice,1780601099,0.005360506712680598,"{""pod"": ""recommendationservice-5dd85b5857-mw2fd""}"
cpu__recommendationservice,1780601114,0.005123526893350552,"{""pod"": ""recommendationservice-5dd85b5857-mw2fd""}"
cpu__recommendationservice,1780601129,0.005232774712739221,"{""pod"": ""recommendationservice-5dd85b5857-mw2fd""}"
cpu__recommendationservice,1780601144,0.005644146846515393,"{""pod"": ""recommendationservice-5dd85b5857-mw2fd""}"
cpu__recommendationservice,1780601159,0.006140981933244821,"{""pod"": ""recommendationservice-5dd85b5857-mw2fd""}"
cpu__recommendationservice,1780601174,0.0066357457931709345,"{""pod"": ""recommendationservice-5dd85b5857-mw2fd""}"
cpu__recommendationservice,1780601189,0.0067308481119556385,"{""pod"": ""recommendationservice-5dd85b5857-mw2fd""}"
cpu__recommendationservice,1780601204,0.006208068679486219,"{""pod"": ""recommendationservice-5dd85b5857-mw2fd""}"
cpu__recommendationservice,1780601219,0.005782644865174968,"{""pod"": ""recommendationservice-5dd85b5857-mw2fd""}"
cpu__recommendationservice,1780601234,0.006180031010126147,"{""pod"": ""recommendationservice-5dd85b5857-mw2fd""}"
cpu__recommendationservice,1780601249,0.006356952673816778,"{""pod"": ""recommendationservice-5dd85b5857-mw2fd""}"
cpu__recommendationservice,1780601264,0.006515719670804667,"{""pod"": ""recommendationservice-5dd85b5857-mw2fd""}"
cpu__recommendationservice,1780601279,0.006287708498808542,"{""pod"": ""recommendationservice-5dd85b5857-mw2fd""}"
cpu__recommendationservice,1780601294,0.006268939509138713,"{""pod"": ""recommendationservice-5dd85b5857-mw2fd""}"
cpu__recommendationservice,1780601309,0.006005044258518316,"{""pod"": ""recommendationservice-5dd85b5857-mw2fd""}"
cpu__recommendationservice,1780601324,0.00609895060419782,"{""pod"": ""recommendationservice-5dd85b5857-mw2fd""}"
cpu__recommendationservice,1780601339,0.004261642063628018,"{""pod"": ""recommendationservice-5dd85b5857-mw2fd""}"
cpu__recommendationservice,1780601354,0.005836005932242618,"{""pod"": ""recommendationservice-5dd85b5857-mw2fd""}"
cpu__recommendationservice,1780601369,0.006089330753973215,"{""pod"": ""recommendationservice-5dd85b5857-mw2fd""}"
cpu__recommendationservice,1780601384,0.006172429503165376,"{""pod"": ""recommendationservice-5dd85b5857-mw2fd""}"
cpu__recommendationservice,1780601399,0.006400232847893182,"{""pod"": ""recommendationservice-5dd85b5857-mw2fd""}"
cpu__recommendationservice,1780601414,0.005672162838298746,"{""pod"": ""recommendationservice-5dd85b5857-mw2fd""}"
cpu__recommendationservice,1780601429,0.005716150751292994,"{""pod"": ""recommendationservice-5dd85b5857-mw2fd""}"
cpu__recommendationservice,1780601444,0.004131860103875364,"{""pod"": ""recommendationservice-5dd85b5857-mw2fd""}"
cpu__recommendationservice,1780601459,0.005271549230591268,"{""pod"": ""recommendationservice-5dd85b5857-mw2fd""}"
cpu__recommendationservice,1780601474,0.005083358419310101,"{""pod"": ""recommendationservice-5dd85b5857-mw2fd""}"
cpu__recommendationservice,1780601489,0.005268998556241009,"{""pod"": ""recommendationservice-5dd85b5857-mw2fd""}"
cpu__redis-cart,1780600484,0.0022128717922555246,"{""pod"": ""redis-cart-7fb96f6f78-7xs2h""}"
cpu__redis-cart,1780600499,0.0022093584905660173,"{""pod"": ""redis-cart-7fb96f6f78-7xs2h""}"
cpu__redis-cart,1780600514,0.0022514383969313633,"{""pod"": ""redis-cart-7fb96f6f78-7xs2h""}"
cpu__redis-cart,1780600529,0.0023894187810402146,"{""pod"": ""redis-cart-7fb96f6f78-7xs2h""}"
cpu__redis-cart,1780600544,0.0023827767710760035,"{""pod"": ""redis-cart-7fb96f6f78-7xs2h""}"
cpu__redis-cart,1780600559,0.0023202541903015587,"{""pod"": ""redis-cart-7fb96f6f78-7xs2h""}"
cpu__redis-cart,1780600574,0.0022477118644067865,"{""pod"": ""redis-cart-7fb96f6f78-7xs2h""}"
cpu__redis-cart,1780600589,0.0023117103202694414,"{""pod"": ""redis-cart-7fb96f6f78-7xs2h""}"
cpu__redis-cart,1780600604,0.002390602700625737,"{""pod"": ""redis-cart-7fb96f6f78-7xs2h""}"
cpu__redis-cart,1780600619,0.002405461815072805,"{""pod"": ""redis-cart-7fb96f6f78-7xs2h""}"
cpu__redis-cart,1780600634,0.00236830780620981,"{""pod"": ""redis-cart-7fb96f6f78-7xs2h""}"
cpu__redis-cart,1780600649,0.002436538085831516,"{""pod"": ""redis-cart-7fb96f6f78-7xs2h""}"
cpu__redis-cart,1780600664,0.001975306731228735,"{""pod"": ""redis-cart-7fb96f6f78-7xs2h""}"
cpu__redis-cart,1780600679,0.0024651833204758647,"{""pod"": ""redis-cart-7fb96f6f78-7xs2h""}"
cpu__redis-cart,1780600694,0.002350146875377277,"{""pod"": ""redis-cart-7fb96f6f78-7xs2h""}"
cpu__redis-cart,1780600709,0.0016449481397115171,"{""pod"": ""redis-cart-7fb96f6f78-7xs2h""}"
cpu__redis-cart,1780600724,0.0023512884502144738,"{""pod"": ""redis-cart-7fb96f6f78-7xs2h""}"
cpu__redis-cart,1780600739,0.0024531858771144116,"{""pod"": ""redis-cart-7fb96f6f78-7xs2h""}"
cpu__redis-cart,1780600754,0.0024451389534343657,"{""pod"": ""redis-cart-7fb96f6f78-7xs2h""}"
cpu__redis-cart,1780600769,0.0024451389534343652,"{""pod"": ""redis-cart-7fb96f6f78-7xs2h""}"
cpu__redis-cart,1780600784,0.002375769534333036,"{""pod"": ""redis-cart-7fb96f6f78-7xs2h""}"
cpu__redis-cart,1780600799,0.002255109420619815,"{""pod"": ""redis-cart-7fb96f6f78-7xs2h""}"
cpu__redis-cart,1780600814,0.0022845565444877484,"{""pod"": ""redis-cart-7fb96f6f78-7xs2h""}"
cpu__redis-cart,1780600829,0.002351360174102298,"{""pod"": ""redis-cart-7fb96f6f78-7xs2h""}"
cpu__redis-cart,1780600844,0.002329293513309139,"{""pod"": ""redis-cart-7fb96f6f78-7xs2h""}"
cpu__redis-cart,1780600859,0.0022193614830072145,"{""pod"": ""redis-cart-7fb96f6f78-7xs2h""}"
cpu__redis-cart,1780600874,0.0020950809366650724,"{""pod"": ""redis-cart-7fb96f6f78-7xs2h""}"
cpu__redis-cart,1780600889,0.002136998999829249,"{""pod"": ""redis-cart-7fb96f6f78-7xs2h""}"
cpu__redis-cart,1780600904,0.002121599617897971,"{""pod"": ""redis-cart-7fb96f6f78-7xs2h""}"
cpu__redis-cart,1780600919,0.0022444813143678508,"{""pod"": ""redis-cart-7fb96f6f78-7xs2h""}"
cpu__redis-cart,1780600934,0.0022846363578720484,"{""pod"": ""redis-cart-7fb96f6f78-7xs2h""}"
cpu__redis-cart,1780600949,0.0023446556139642125,"{""pod"": ""redis-cart-7fb96f6f78-7xs2h""}"
cpu__redis-cart,1780600964,0.002288467290518294,"{""pod"": ""redis-cart-7fb96f6f78-7xs2h""}"
cpu__redis-cart,1780600979,0.001835352171441588,"{""pod"": ""redis-cart-7fb96f6f78-7xs2h""}"
cpu__redis-cart,1780600994,0.0022125889735921797,"{""pod"": ""redis-cart-7fb96f6f78-7xs2h""}"
cpu__redis-cart,1780601009,0.0021884313683807597,"{""pod"": ""redis-cart-7fb96f6f78-7xs2h""}"
cpu__redis-cart,1780601024,0.0016623113757902811,"{""pod"": ""redis-cart-7fb96f6f78-7xs2h""}"
cpu__redis-cart,1780601039,0.002182883649438719,"{""pod"": ""redis-cart-7fb96f6f78-7xs2h""}"
cpu__redis-cart,1780601054,0.0021831799463837035,"{""pod"": ""redis-cart-7fb96f6f78-7xs2h""}"
cpu__redis-cart,1780601069,0.0023184942205560204,"{""pod"": ""redis-cart-7fb96f6f78-7xs2h""}"
cpu__redis-cart,1780601084,0.0022125917406068136,"{""pod"": ""redis-cart-7fb96f6f78-7xs2h""}"
cpu__redis-cart,1780601099,0.0021953686929382416,"{""pod"": ""redis-cart-7fb96f6f78-7xs2h""}"
cpu__redis-cart,1780601114,0.0020905517299061207,"{""pod"": ""redis-cart-7fb96f6f78-7xs2h""}"
cpu__redis-cart,1780601129,0.002361485687248648,"{""pod"": ""redis-cart-7fb96f6f78-7xs2h""}"
cpu__redis-cart,1780601144,0.0025707036635086358,"{""pod"": ""redis-cart-7fb96f6f78-7xs2h""}"
cpu__redis-cart,1780601159,0.0025766279039517617,"{""pod"": ""redis-cart-7fb96f6f78-7xs2h""}"
cpu__redis-cart,1780601174,0.0025730794648757497,"{""pod"": ""redis-cart-7fb96f6f78-7xs2h""}"
cpu__redis-cart,1780601189,0.002536446852232392,"{""pod"": ""redis-cart-7fb96f6f78-7xs2h""}"
cpu__redis-cart,1780601204,0.0020615006781669535,"{""pod"": ""redis-cart-7fb96f6f78-7xs2h""}"
cpu__redis-cart,1780601219,0.002410918901761672,"{""pod"": ""redis-cart-7fb96f6f78-7xs2h""}"
cpu__redis-cart,1780601234,0.0026102490268223536,"{""pod"": ""redis-cart-7fb96f6f78-7xs2h""}"
cpu__redis-cart,1780601249,0.0027583497698881803,"{""pod"": ""redis-cart-7fb96f6f78-7xs2h""}"
cpu__redis-cart,1780601264,0.0027018100350472444,"{""pod"": ""redis-cart-7fb96f6f78-7xs2h""}"
cpu__redis-cart,1780601279,0.0025538662033014778,"{""pod"": ""redis-cart-7fb96f6f78-7xs2h""}"
cpu__redis-cart,1780601294,0.0024915600515719584,"{""pod"": ""redis-cart-7fb96f6f78-7xs2h""}"
cpu__redis-cart,1780601309,0.0024785262017828617,"{""pod"": ""redis-cart-7fb96f6f78-7xs2h""}"
cpu__redis-cart,1780601324,0.0025671437343536066,"{""pod"": ""redis-cart-7fb96f6f78-7xs2h""}"
cpu__redis-cart,1780601339,0.002559068754793564,"{""pod"": ""redis-cart-7fb96f6f78-7xs2h""}"
cpu__redis-cart,1780601354,0.0025168554386435288,"{""pod"": ""redis-cart-7fb96f6f78-7xs2h""}"
cpu__redis-cart,1780601369,0.0024925830881892355,"{""pod"": ""redis-cart-7fb96f6f78-7xs2h""}"
cpu__redis-cart,1780601384,0.0024901736066896113,"{""pod"": ""redis-cart-7fb96f6f78-7xs2h""}"
cpu__redis-cart,1780601399,0.0024923823591475425,"{""pod"": ""redis-cart-7fb96f6f78-7xs2h""}"
cpu__redis-cart,1780601414,0.002382892255041172,"{""pod"": ""redis-cart-7fb96f6f78-7xs2h""}"
cpu__redis-cart,1780601429,0.002380938741216,"{""pod"": ""redis-cart-7fb96f6f78-7xs2h""}"
cpu__redis-cart,1780601444,0.0023014907399717256,"{""pod"": ""redis-cart-7fb96f6f78-7xs2h""}"
cpu__redis-cart,1780601459,0.0017659924787262705,"{""pod"": ""redis-cart-7fb96f6f78-7xs2h""}"
cpu__redis-cart,1780601474,0.0022211662668388606,"{""pod"": ""redis-cart-7fb96f6f78-7xs2h""}"
cpu__redis-cart,1780601489,0.002305709660010825,"{""pod"": ""redis-cart-7fb96f6f78-7xs2h""}"
cpu__shippingservice,1780600484,0.0008977076984232408,"{""pod"": ""shippingservice-7f85f8b767-6txwh""}"
cpu__shippingservice,1780600499,0.0011966543052811395,"{""pod"": ""shippingservice-7f85f8b767-6txwh""}"
cpu__shippingservice,1780600514,0.001286253081103562,"{""pod"": ""shippingservice-7f85f8b767-6txwh""}"
cpu__shippingservice,1780600529,0.0012306633315882253,"{""pod"": ""shippingservice-7f85f8b767-6txwh""}"
cpu__shippingservice,1780600544,0.0010074535311682287,"{""pod"": ""shippingservice-7f85f8b767-6txwh""}"
cpu__shippingservice,1780600559,0.0010385434008387208,"{""pod"": ""shippingservice-7f85f8b767-6txwh""}"
cpu__shippingservice,1780600574,0.0010384561073193703,"{""pod"": ""shippingservice-7f85f8b767-6txwh""}"
cpu__shippingservice,1780600589,0.001297511657297278,"{""pod"": ""shippingservice-7f85f8b767-6txwh""}"
cpu__shippingservice,1780600604,0.0012366522056612471,"{""pod"": ""shippingservice-7f85f8b767-6txwh""}"
cpu__shippingservice,1780600619,0.001149646381407388,"{""pod"": ""shippingservice-7f85f8b767-6txwh""}"
cpu__shippingservice,1780600634,0.0011561685532198295,"{""pod"": ""shippingservice-7f85f8b767-6txwh""}"
cpu__shippingservice,1780600649,0.0013573059862093245,"{""pod"": ""shippingservice-7f85f8b767-6txwh""}"
cpu__shippingservice,1780600664,0.0013941322232133792,"{""pod"": ""shippingservice-7f85f8b767-6txwh""}"
cpu__shippingservice,1780600679,0.0013026818722977223,"{""pod"": ""shippingservice-7f85f8b767-6txwh""}"
cpu__shippingservice,1780600694,0.0009669370434035404,"{""pod"": ""shippingservice-7f85f8b767-6txwh""}"
cpu__shippingservice,1780600709,0.0010880586622568544,"{""pod"": ""shippingservice-7f85f8b767-6txwh""}"
cpu__shippingservice,1780600724,0.0008761499999999867,"{""pod"": ""shippingservice-7f85f8b767-6txwh""}"
cpu__shippingservice,1780600739,0.001153075139779064,"{""pod"": ""shippingservice-7f85f8b767-6txwh""}"
cpu__shippingservice,1780600754,0.0011129300162409442,"{""pod"": ""shippingservice-7f85f8b767-6txwh""}"
cpu__shippingservice,1780600769,0.001179921472014778,"{""pod"": ""shippingservice-7f85f8b767-6txwh""}"
cpu__shippingservice,1780600784,0.0011595901247286654,"{""pod"": ""shippingservice-7f85f8b767-6txwh""}"
cpu__shippingservice,1780600799,0.0013035205364627252,"{""pod"": ""shippingservice-7f85f8b767-6txwh""}"
cpu__shippingservice,1780600814,0.0013692520694023335,"{""pod"": ""shippingservice-7f85f8b767-6txwh""}"
cpu__shippingservice,1780600829,0.0014733816107087713,"{""pod"": ""shippingservice-7f85f8b767-6txwh""}"
cpu__shippingservice,1780600844,0.0013160895600103798,"{""pod"": ""shippingservice-7f85f8b767-6txwh""}"
cpu__shippingservice,1780600859,0.0007546128149100586,"{""pod"": ""shippingservice-7f85f8b767-6txwh""}"
cpu__shippingservice,1780600874,0.0010997517873432988,"{""pod"": ""shippingservice-7f85f8b767-6txwh""}"
cpu__shippingservice,1780600889,0.0010912677317366892,"{""pod"": ""shippingservice-7f85f8b767-6txwh""}"
cpu__shippingservice,1780600904,0.0010303616708928162,"{""pod"": ""shippingservice-7f85f8b767-6txwh""}"
cpu__shippingservice,1780600919,0.000980530778548609,"{""pod"": ""shippingservice-7f85f8b767-6txwh""}"
cpu__shippingservice,1780600934,0.0007030538265306115,"{""pod"": ""shippingservice-7f85f8b767-6txwh""}"
cpu__shippingservice,1780600949,0.0009960509700378923,"{""pod"": ""shippingservice-7f85f8b767-6txwh""}"
cpu__shippingservice,1780600964,0.0010734668536871584,"{""pod"": ""shippingservice-7f85f8b767-6txwh""}"
cpu__shippingservice,1780600979,0.0006662333333333474,"{""pod"": ""shippingservice-7f85f8b767-6txwh""}"
cpu__shippingservice,1780600994,0.0010694688170245815,"{""pod"": ""shippingservice-7f85f8b767-6txwh""}"
cpu__shippingservice,1780601009,0.0011605907150621494,"{""pod"": ""shippingservice-7f85f8b767-6txwh""}"
cpu__shippingservice,1780601024,0.0012031944354994582,"{""pod"": ""shippingservice-7f85f8b767-6txwh""}"
cpu__shippingservice,1780601039,0.0011285370395603528,"{""pod"": ""shippingservice-7f85f8b767-6txwh""}"
cpu__shippingservice,1780601054,0.0009108195327445899,"{""pod"": ""shippingservice-7f85f8b767-6txwh""}"
cpu__shippingservice,1780601069,0.0009213945998576966,"{""pod"": ""shippingservice-7f85f8b767-6txwh""}"
cpu__shippingservice,1780601084,0.0008983697476023044,"{""pod"": ""shippingservice-7f85f8b767-6txwh""}"
cpu__shippingservice,1780601099,0.0007525781918013674,"{""pod"": ""shippingservice-7f85f8b767-6txwh""}"
cpu__shippingservice,1780601114,0.0007969720411095114,"{""pod"": ""shippingservice-7f85f8b767-6txwh""}"
cpu__shippingservice,1780601129,0.0008559668868012073,"{""pod"": ""shippingservice-7f85f8b767-6txwh""}"
cpu__shippingservice,1780601144,0.0008383758500533377,"{""pod"": ""shippingservice-7f85f8b767-6txwh""}"
cpu__shippingservice,1780601159,0.0011965617765583288,"{""pod"": ""shippingservice-7f85f8b767-6txwh""}"
cpu__shippingservice,1780601174,0.001256375756834443,"{""pod"": ""shippingservice-7f85f8b767-6txwh""}"
cpu__shippingservice,1780601189,0.001209010854875979,"{""pod"": ""shippingservice-7f85f8b767-6txwh""}"
cpu__shippingservice,1780601204,0.0011981754420384275,"{""pod"": ""shippingservice-7f85f8b767-6txwh""}"
cpu__shippingservice,1780601219,0.0008190547502847,"{""pod"": ""shippingservice-7f85f8b767-6txwh""}"
cpu__shippingservice,1780601234,0.0013635277671877192,"{""pod"": ""shippingservice-7f85f8b767-6txwh""}"
cpu__shippingservice,1780601249,0.0012647362908911294,"{""pod"": ""shippingservice-7f85f8b767-6txwh""}"
cpu__shippingservice,1780601264,0.0014599077436451046,"{""pod"": ""shippingservice-7f85f8b767-6txwh""}"
cpu__shippingservice,1780601279,0.0013194882579740444,"{""pod"": ""shippingservice-7f85f8b767-6txwh""}"
cpu__shippingservice,1780601294,0.0012644678426904689,"{""pod"": ""shippingservice-7f85f8b767-6txwh""}"
cpu__shippingservice,1780601309,0.0012273671880903675,"{""pod"": ""shippingservice-7f85f8b767-6txwh""}"
cpu__shippingservice,1780601324,0.0009543296006885751,"{""pod"": ""shippingservice-7f85f8b767-6txwh""}"
cpu__shippingservice,1780601339,0.0011463374417741673,"{""pod"": ""shippingservice-7f85f8b767-6txwh""}"
cpu__shippingservice,1780601354,0.0010349327006875391,"{""pod"": ""shippingservice-7f85f8b767-6txwh""}"
cpu__shippingservice,1780601369,0.0007310795301085194,"{""pod"": ""shippingservice-7f85f8b767-6txwh""}"
cpu__shippingservice,1780601384,0.0010029165609941766,"{""pod"": ""shippingservice-7f85f8b767-6txwh""}"
cpu__shippingservice,1780601399,0.0011349496237099545,"{""pod"": ""shippingservice-7f85f8b767-6txwh""}"
cpu__shippingservice,1780601414,0.001000197481019854,"{""pod"": ""shippingservice-7f85f8b767-6txwh""}"
cpu__shippingservice,1780601429,0.0011804415129896282,"{""pod"": ""shippingservice-7f85f8b767-6txwh""}"
cpu__shippingservice,1780601444,0.0009916470733820032,"{""pod"": ""shippingservice-7f85f8b767-6txwh""}"
cpu__shippingservice,1780601459,0.0009397976952124054,"{""pod"": ""shippingservice-7f85f8b767-6txwh""}"
cpu__shippingservice,1780601474,0.000598664648670138,"{""pod"": ""shippingservice-7f85f8b767-6txwh""}"
cpu__shippingservice,1780601489,0.0009117694543106275,"{""pod"": ""shippingservice-7f85f8b767-6txwh""}"
